"Date","Price","Open","High","Low","Vol.","Change %"
"09/15/2026","106.78","106.99","107.30","106.62","178.37K","-0.45%"
"09/14/2026","107.26","106.97","107.33","106.86","173.30K","-0.37%"
"09/11/2026","107.66","107.03","107.74","107.00","167.14K","0.89%"
"09/10/2026","106.71","107.22","107.25","106.50","154.07K","-0.23%"
"09/09/2026","106.95","107.46","107.57","106.88","161.43K","-0.77%"
"09/08/2026","107.78","107.89","108.03","107.50","157.12K","-0.09%"
"09/07/2026","107.88","108.23","108.31","107.83","138.88K","-0.24%"
"09/04/2026","108.14","108.56","108.75","108.14","198.08K","-0.40%"
"09/03/2026","108.57","107.79","108.57","107.77","236.96K","0.66%"
"09/02/2026","107.86","107.25","107.89","106.95","192.48K","0.52%"
"09/01/2026","107.30","107.70","107.82","106.93","282.02K","-1.19%"
"08/28/2026","108.59","107.88","108.67","107.84","180.97K","0.73%"
"08/27/2026","107.80","107.54","107.89","107.32","153.32K","0.73%"
"08/26/2026","107.02","106.74","107.20","106.65","206.26K","0.34%"
"08/25/2026","106.66","106.81","107.00","106.50","147.79K","0.20%"
"08/24/2026","106.44","106.45","106.74","106.30","154.38K","-0.38%"
"08/21/2026","106.85","106.37","106.90","106.33","137.12K","0.04%"
"08/20/2026","106.82","107.53","107.60","106.68","130.10K","-0.79%"
"08/19/2026","107.67","107.67","107.88","107.30","164.65K","-0.16%"
"08/18/2026","107.85","108.26","108.31","107.79","171.84K","-0.80%"
"08/17/2026","108.72","109.07","109.13","108.63","160.04K","-0.18%"
"08/14/2026","108.92","109.54","109.55","108.92","135.79K","-0.37%"
"08/13/2026","109.32","109.09","109.75","109.03","140.15K","0.62%"
"08/12/2026","108.65","108.60","108.87","108.50","146.09K","0.00%"
"08/11/2026","108.65","108.81","109.14","108.65","134.24K","-0.07%"
"08/10/2026","108.73","109.06","109.16","108.73","176.34K","-0.25%"
"08/07/2026","109.00","108.69","109.04","108.50","249.07K","0.33%"
"08/06/2026","108.64","108.91","109.03","108.57","177.35K","-0.34%"
"08/05/2026","109.01","109.35","109.57","108.90","257.45K","0.43%"
"08/04/2026","108.55","107.50","108.55","107.25","282.23K","1.50%"
"08/03/2026","106.94","106.02","107.00","105.83","348.28K","2.17%"
"07/31/2026","104.67","105.20","105.68","104.57","231.75K","0.55%"
"07/30/2026","104.09","104.18","104.69","104.00","268.07K","-0.99%"
"07/29/2026","105.13","106.13","106.27","104.96","204.43K","-0.75%"
"07/28/2026","105.93","105.43","106.00","105.25","171.72K","0.50%"
"07/27/2026","105.40","106.14","106.51","105.26","185.50K","-0.36%"
"07/24/2026","105.78","105.39","105.78","105.30","186.61K","0.45%"
"07/23/2026","105.31","106.04","106.17","105.15","207.10K","-1.09%"
"07/22/2026","106.47","106.01","106.53","105.88","219.86K","0.20%"
"07/21/2026","106.26","105.48","106.32","105.39","265.01K","0.56%"
"07/20/2026","105.68","105.03","105.78","104.98","163.89K","0.36%"
"07/17/2026","105.30","105.06","105.59","104.80","237.14K","-0.96%"
"07/16/2026","106.32","106.02","106.32","105.76","116.04K","0.12%"
"07/15/2026","106.19","106.81","107.05","106.19","220.21K","-0.48%"
"07/14/2026","106.71","106.60","106.83","106.25","206.07K","-0.19%"
"07/13/2026","106.91","106.78","107.04","106.68","195.16K","0.20%"
"07/10/2026","106.69","106.26","106.81","106.23","229.34K","0.27%"
"07/09/2026","106.41","105.89","106.48","105.80","270.90K","0.96%"
"07/08/2026","105.40","106.18","106.22","105.33","178.10K","-0.59%"
"07/07/2026","106.03","106.53","106.73","105.97","222.60K","-0.75%"
"07/06/2026","106.83","106.63","106.83","106.44","274.84K","0.37%"
"07/03/2026","106.44","106.39","106.53","106.26","258.62K","0.35%"
"07/02/2026","106.07","106.48","106.82","105.90","307.61K","-1.13%"
"07/01/2026","107.28","106.82","107.30","106.53","186.79K","0.40%"
"06/30/2026","106.85","106.54","107.07","106.50","250.48K","0.97%"
"06/29/2026","105.82","105.72","106.23","105.30","276.10K","0.06%"
"06/26/2026","105.75","105.39","105.75","104.75","183.11K","0.00%"
"06/25/2026","105.75","106.62","106.79","105.29","234.98K","-0.96%"
"06/24/2026","106.78","106.07","106.98","105.95","275.15K","0.80%"
"06/23/2026","105.93","105.65","106.36","105.41","309.56K","-0.85%"
"06/22/2026","106.84","107.46","107.68","106.69","295.08K","-0.48%"
"06/19/2026","107.36","107.25","107.46","106.93","132.90K","0.27%"
"06/18/2026","107.06","106.50","107.27","106.50","185.80K","0.50%"
"06/17/2026","106.53","106.68","106.69","106.31","139.54K","-0.12%"
"06/16/2026","106.66","106.97","107.04","106.57","229.58K","-0.20%"
"06/15/2026","106.87","106.16","106.87","106.13","318.09K","1.54%"
"06/12/2026","105.25","104.54","105.47","104.38","384.14K","1.43%"
"06/11/2026","103.77","103.72","104.14","103.40","177.61K","-0.01%"
"06/10/2026","103.78","104.42","104.64","103.50","209.20K","-0.10%"
"06/09/2026","103.88","105.44","105.86","103.80","233.70K","-1.82%"
"06/08/2026","105.81","105.36","106.15","105.26","307.35K","-0.49%"
"06/05/2026","106.32","106.56","106.70","106.25","214.85K","-0.60%"
"06/04/2026","106.96","106.58","106.99","106.00","195.96K","0.03%"
"06/03/2026","106.93","107.32","107.38","106.93","196.15K","-0.26%"
"06/02/2026","107.20","106.84","107.25","106.74","157.49K","0.16%"
"06/01/2026","107.03","107.08","107.21","106.80","259.91K","0.24%"
"05/29/2026","106.78","106.94","107.18","106.59","180.37K","0.05%"
"05/28/2026","106.72","106.35","106.73","106.16","230.31K","0.53%"
"05/27/2026","106.16","106.10","106.55","106.00","193.32K","0.08%"
"05/26/2026","106.07","105.92","106.20","105.75","354.36K","0.29%"
"05/22/2026","105.77","105.58","105.82","105.40","422.40K","1.00%"
"05/21/2026","104.72","104.75","105.08","104.56","197.97K","0.15%"
"05/20/2026","104.57","104.39","104.66","104.21","222.86K","0.56%"
"05/19/2026","103.99","104.65","104.88","103.93","151.20K","-0.52%"
"05/18/2026","104.54","104.76","105.16","104.45","218.45K","-1.21%"
"05/15/2026","105.82","105.96","106.01","105.21","176.36K","0.21%"
"05/14/2026","105.60","104.61","105.63","104.58","186.70K","1.55%"
"05/13/2026","103.99","103.89","104.24","103.66","190.80K","0.90%"
"05/12/2026","103.06","103.35","103.70","103.06","299.56K","-0.04%"
"05/11/2026","103.10","102.99","103.22","102.82","186.77K","0.26%"
"05/08/2026","102.84","102.73","103.00","102.56","114.49K","0.12%"
"05/07/2026","102.72","102.76","102.79","102.40","179.77K","0.36%"
"05/06/2026","102.35","101.61","102.41","101.42","209.99K","0.97%"
"05/05/2026","101.36","101.14","101.43","101.11","202.66K","0.43%"
"05/01/2026","100.93","100.60","101.00","100.55","198.11K","0.93%"
"04/30/2026","100.01","100.21","100.82","99.80","223.35K","-0.19%"
"04/29/2026","100.20","100.38","100.44","100.13","156.76K","0.29%"
"04/28/2026","99.91","100.55","100.64","99.91","159.28K","-0.12%"
"04/27/2026","100.04","100.22","100.29","99.98","187.37K","-0.25%"
"04/24/2026","100.29","100.17","100.43","99.90","202.39K","-0.04%"
"04/23/2026","100.32","99.90","100.32","99.60","283.20K","0.38%"
"04/22/2026","99.94","99.64","100.00","99.48","158.15K","0.42%"
"04/21/2026","99.53","99.88","100.17","99.40","219.65K","0.13%"
"04/20/2026","99.40","99.49","99.76","99.31","282.67K","-0.33%"
"04/17/2026","99.74","98.84","99.74","98.77","319.98K","1.20%"
"04/16/2026","98.55","98.25","98.64","98.17","247.30K","0.91%"
"04/15/2026","97.67","97.36","97.69","97.28","227.27K","0.65%"
"04/14/2026","97.04","96.51","97.04","96.24","283.96K","1.04%"
"04/13/2026","96.04","95.78","96.10","95.50","217.24K","-0.11%"
"04/10/2026","96.14","96.31","96.40","96.05","196.17K","0.29%"
"04/09/2026","95.86","95.80","95.86","95.47","246.13K","0.58%"
"04/08/2026","95.31","95.72","95.92","95.06","518.91K","1.62%"
"04/07/2026","93.79","94.21","94.72","93.54","416.69K","-0.28%"
"04/02/2026","94.06","93.05","94.50","92.76","392.93K","0.32%"
"04/01/2026","93.75","93.81","93.92","93.30","340.59K","1.52%"
"03/31/2026","92.35","91.68","92.41","91.59","389.86K","0.46%"
"03/30/2026","91.92","91.22","92.04","91.13","301.97K","0.52%"
"03/27/2026","91.45","92.50","92.52","91.25","273.36K","-1.22%"
"03/26/2026","92.57","93.24","93.36","92.57","158.81K","-1.01%"
"03/25/2026","93.52","93.44","93.80","93.21","307.14K","0.48%"
"03/24/2026","93.07","93.01","93.29","92.46","244.08K","0.00%"
"03/23/2026","93.07","91.99","94.47","91.80","458.95K","-0.10%"
"03/20/2026","93.17","93.36","93.38","92.96","264.87K","-0.18%"
"03/19/2026","93.34","94.39","94.62","93.25","271.37K","-1.83%"
"03/18/2026","95.07","95.98","96.10","95.07","182.37K","-0.59%"
"03/17/2026","95.64","95.25","96.04","95.10","215.84K","0.14%"
"03/16/2026","95.50","95.52","95.92","95.30","247.32K","0.06%"
"03/13/2026","95.45","95.11","96.11","94.98","186.31K","0.13%"
"03/12/2026","95.32","95.61","95.77","95.10","156.91K","-0.53%"
"03/11/2026","95.83","95.95","96.21","95.60","354.20K","-0.40%"
"03/10/2026","96.21","95.97","96.24","95.49","280.31K","1.06%"
"03/09/2026","95.21","94.40","95.28","94.35","368.96K","-0.52%"
"03/06/2026","95.71","97.13","97.13","95.50","290.90K","-1.50%"
"03/05/2026","97.16","97.54","97.77","96.98","282.26K","-0.35%"
"03/04/2026","97.50","96.58","97.63","96.50","320.79K","0.99%"
"03/03/2026","96.54","96.83","96.85","95.95","340.07K","-0.69%"
"03/02/2026","97.22","96.23","97.52","96.11","464.94K","0.29%"
"02/27/2026","96.93","97.02","97.09","96.25","230.54K","0.00%"
"02/26/2026","96.94","97.22","97.51","96.42","334.03K","-0.21%"
"02/25/2026","97.14","96.65","97.31","96.65","351.92K","0.78%"
"02/24/2026","96.39","96.45","96.57","96.00","396.73K","0.26%"
"02/23/2026","96.14","96.40","97.08","95.96","383.89K","-0.75%"
"02/20/2026","96.86","97.08","97.10","96.25","275.74K","0.03%"
"02/19/2026","96.84","96.76","97.00","96.33","236.92K","0.21%"
"02/18/2026","96.64","95.98","96.70","95.85","316.15K","0.85%"
"02/17/2026","95.82","95.32","96.01","95.00","263.90K","0.77%"
"02/16/2026","95.09","95.29","95.49","95.00","191.10K","-0.32%"
"02/13/2026","95.40","95.12","95.56","94.70","308.83K","-0.19%"
"02/12/2026","95.58","96.89","96.91","95.50","318.97K","-0.96%"
"02/11/2026","96.51","96.47","97.12","95.99","353.61K","-0.17%"
"02/10/2026","96.68","96.61","96.95","96.38","186.90K","0.02%"
"02/09/2026","96.66","96.61","96.83","96.00","214.70K","0.57%"
"02/06/2026","96.11","94.89","96.11","94.74","348.57K","0.60%"
"02/05/2026","95.54","95.87","96.42","95.00","336.68K","-0.22%"
"02/04/2026","95.75","95.86","96.01","95.50","207.41K","-0.24%"
"02/03/2026","95.98","96.86","97.06","95.93","237.72K","-0.91%"
"02/02/2026","96.86","95.27","96.99","95.20","243.95K","1.05%"
"01/30/2026","95.86","95.05","96.16","94.96","262.31K","0.94%"
"01/29/2026","94.97","95.92","96.15","94.62","358.22K","-1.13%"
"01/28/2026","96.06","96.26","96.37","95.95","265.96K","-0.07%"
"01/27/2026","96.12","96.66","96.68","95.86","135.01K","-0.06%"
"01/26/2026","96.18","96.00","96.32","95.59","272.25K","-0.39%"
"01/23/2026","96.56","97.27","97.31","96.56","219.42K","-0.71%"
"01/22/2026","97.25","97.34","97.85","97.11","316.93K","0.52%"
"01/21/2026","96.75","96.17","96.99","95.78","321.49K","0.08%"
"01/20/2026","96.67","96.34","96.67","95.80","332.75K","-0.28%"
"01/19/2026","96.94","97.32","97.44","96.80","319.55K","-1.53%"
"01/16/2026","98.45","98.62","98.64","98.20","189.89K","-0.23%"
"01/15/2026","98.68","97.83","98.82","97.83","295.17K","1.28%"
"01/14/2026","97.43","98.04","98.06","97.12","227.05K","-0.87%"
"01/13/2026","98.29","98.13","98.37","97.95","199.94K","0.24%"
"01/12/2026","98.04","97.68","98.10","97.32","303.38K","-0.22%"
"01/09/2026","98.26","97.67","98.33","97.67","156.70K","0.70%"
"01/08/2026","97.58","97.39","97.71","97.38","234.57K","-0.16%"
"01/07/2026","97.73","97.46","97.79","97.36","159.11K","0.60%"
"01/06/2026","97.15","96.66","97.33","96.35","241.67K","0.28%"
"01/05/2026","96.87","96.94","97.14","96.75","281.05K","0.77%"
"01/02/2026","96.14","96.80","97.16","95.94","291.79K","-0.92%"
"12/31/2025","97.03","96.95","97.11","96.89","135.32K","-0.11%"
"12/30/2025","97.14","96.78","97.20","96.71","150.87K","0.29%"
"12/29/2025","96.86","97.23","97.31","96.78","273.31K","-0.02%"
"12/24/2025","96.88","96.80","96.90","96.74","147.95K","-0.03%"
"12/23/2025","96.91","96.46","96.95","96.32","171.00K","0.10%"
"12/22/2025","96.81","96.82","96.88","96.50","158.48K","0.07%"
"12/19/2025","96.74","96.17","96.82","96.00","115.91K","0.39%"
"12/18/2025","96.36","95.54","96.36","95.45","297.65K","0.75%"
"12/17/2025","95.64","96.96","97.22","95.60","181.23K","-0.34%"
"12/16/2025","95.97","96.28","96.38","95.86","160.29K","-0.90%"
"12/15/2025","96.84","97.19","97.39","96.48","164.45K","-0.07%"
"12/12/2025","96.91","97.90","98.00","96.75","213.48K","-0.22%"
"12/11/2025","97.13","97.04","97.42","96.76","183.51K","-0.41%"
"12/10/2025","97.52","97.57","97.66","97.22","166.71K","-0.33%"
"12/09/2025","97.85","97.63","97.89","97.39","145.35K","0.25%"
"12/08/2025","97.60","98.02","98.07","97.56","147.36K","-0.21%"
"12/05/2025","97.81","97.70","98.02","97.44","192.19K","0.53%"
"12/04/2025","97.29","97.54","97.67","97.00","139.46K","-0.10%"
"12/03/2025","97.39","98.02","98.07","97.15","155.92K","-0.62%"
"12/02/2025","98.00","97.75","98.48","97.72","168.76K","0.06%"
"12/01/2025","97.93","97.68","97.93","97.16","209.07K","-0.04%"
"11/28/2025","97.97","98.00","98.48","97.86","174.61K","0.38%"
"11/27/2025","97.60","97.69","97.85","97.50","102.22K","-0.23%"
"11/26/2025","97.82","97.78","97.94","97.40","203.94K","1.13%"
"11/25/2025","96.73","96.95","97.03","95.94","190.78K","-0.12%"
"11/24/2025","96.85","96.23","96.96","95.78","275.37K","1.67%"
"11/21/2025","95.26","95.01","95.43","94.60","380.82K","-1.61%"
"11/20/2025","96.82","97.60","98.11","96.82","423.46K","0.61%"
"11/19/2025","96.23","95.60","96.74","95.54","399.35K","0.56%"
"11/18/2025","95.69","95.78","96.11","94.90","323.01K","-1.14%"
"11/17/2025","96.79","97.45","97.67","96.42","310.48K","-0.58%"
"11/14/2025","97.36","97.01","97.48","95.75","353.73K","-0.09%"
"11/13/2025","97.45","98.98","99.06","97.30","225.07K","-1.39%"
"11/12/2025","98.82","99.06","99.54","98.63","269.32K","0.73%"
"11/11/2025","98.11","98.53","98.63","98.00","316.82K","0.47%"
"11/10/2025","97.65","97.65","98.13","97.54","400.33K","1.98%"
"11/07/2025","95.75","97.41","97.48","95.70","440.31K","-1.64%"
"11/06/2025","97.35","98.42","98.79","97.31","498.04K","-1.59%"
"11/05/2025","98.92","98.32","98.93","98.24","417.17K","0.09%"
"11/04/2025","98.83","98.13","99.03","98.04","385.14K","0.10%"
"11/03/2025","98.72","98.78","99.39","98.59","315.26K","-0.01%"
"10/31/2025","98.73","99.14","99.57","98.56","362.12K","-0.20%"
"10/30/2025","98.93","99.04","99.21","98.68","509.67K","0.01%"
"10/29/2025","98.92","99.04","99.28","98.74","342.50K","0.63%"
"10/28/2025","98.30","97.66","98.55","97.65","262.10K","0.81%"
"10/27/2025","97.51","97.50","97.56","97.23","272.58K","0.59%"
"10/24/2025","96.94","96.12","96.98","96.10","281.78K","1.31%"
"10/23/2025","95.69","95.30","95.70","94.97","354.04K","0.75%"
"10/22/2025","94.97","95.95","96.06","94.97","323.63K","-0.52%"
"10/21/2025","95.47","95.23","95.63","95.19","290.57K","0.47%"
"10/20/2025","95.03","94.52","95.18","94.29","332.17K","1.60%"
"10/17/2025","93.53","92.62","94.10","92.20","543.15K","-0.91%"
"10/16/2025","94.39","94.54","94.67","94.29","316.14K","-0.29%"
"10/15/2025","94.67","94.65","95.37","94.64","326.16K","0.24%"
"10/14/2025","94.44","94.26","94.53","93.50","285.55K","-0.13%"
"10/13/2025","94.56","94.34","94.64","93.90","595.14K","0.46%"
"10/10/2025","94.13","96.04","96.50","94.13","446.75K","-1.79%"
"10/09/2025","95.84","95.77","95.92","95.60","304.70K","0.47%"
"10/08/2025","95.39","95.00","95.40","94.87","412.62K","0.77%"
"10/07/2025","94.67","94.86","95.40","94.66","304.05K","-0.08%"
"10/06/2025","94.74","94.99","95.17","94.53","497.94K","-0.04%"
"10/03/2025","94.78","95.00","95.00","94.60","259.39K","0.16%"
"10/02/2025","94.64","94.32","94.82","94.28","273.29K","0.61%"
"10/01/2025","94.06","93.33","94.06","93.25","420.04K","0.36%"
"09/30/2025","93.73","93.81","93.95","93.54","349.43K","-0.24%"
"09/29/2025","93.95","94.01","94.27","93.85","337.12K","0.41%"
"09/26/2025","93.57","93.81","94.06","93.44","314.91K","-0.34%"
"09/25/2025","93.89","93.39","93.89","93.12","296.62K","0.23%"
"09/24/2025","93.67","93.62","94.04","93.55","264.90K","-0.09%"
"09/23/2025","93.75","93.84","94.00","93.67","276.55K","0.14%"
"09/22/2025","93.61","93.51","93.74","93.18","239.62K","0.40%"
"09/19/2025","93.25","92.93","93.51","92.90","340.00K","0.40%"
"09/18/2025","92.87","92.39","92.97","92.18","290.99K","1.25%"
"09/17/2025","91.72","92.00","92.08","91.70","161.44K","-0.19%"
"09/16/2025","91.90","92.26","92.44","91.79","196.85K","-0.47%"
"09/15/2025","92.33","92.31","92.47","91.96","326.94K","0.06%"
"09/12/2025","92.28","92.18","92.40","92.09","201.22K","0.17%"
"09/11/2025","92.12","91.85","92.14","91.60","247.16K","0.64%"
"09/10/2025","91.54","91.66","91.86","91.45","301.69K","0.46%"
"09/09/2025","91.12","91.08","91.18","90.87","170.65K","-0.06%"
"09/08/2025","91.18","91.18","91.33","90.90","217.60K","0.46%"
"09/05/2025","90.76","91.94","91.96","90.43","252.45K","-0.76%"
"09/04/2025","91.46","91.04","91.49","91.04","200.48K","0.70%"
"09/03/2025","90.82","91.11","91.35","90.80","222.94K","0.49%"
"09/02/2025","90.37","90.60","91.17","90.37","233.97K","-0.33%"
"09/01/2025","90.67","90.59","90.77","90.50","187.87K","0.04%"
"08/29/2025","90.64","91.36","91.51","90.57","196.15K","-0.40%"
"08/28/2025","91.00","91.14","91.34","90.82","209.87K","-0.30%"
"08/27/2025","91.28","91.15","91.45","91.15","177.89K","0.73%"
"08/26/2025","90.61","90.67","90.72","90.43","215.82K","-0.21%"
"08/22/2025","90.80","90.03","90.90","90.03","211.70K","0.60%"
"08/21/2025","90.25","90.27","90.31","89.80","454.77K","0.41%"
"08/20/2025","89.89","90.00","90.21","89.37","274.19K","-0.56%"
"08/19/2025","90.39","90.39","90.60","90.25","173.58K","0.03%"
"08/18/2025","90.37","90.29","90.64","90.14","179.96K","0.17%"
"08/15/2025","90.22","90.76","90.77","90.16","157.29K","-0.13%"
"08/14/2025","90.34","90.22","90.60","89.92","242.22K","0.16%"
"08/13/2025","90.19","90.44","90.52","90.14","424.05K","-0.01%"
"08/12/2025","90.20","90.09","90.34","89.79","439.84K","-0.11%"
"08/11/2025","90.30","90.14","90.44","89.97","536.35K","0.49%"
"08/08/2025","89.86","89.68","90.09","89.61","377.55K","0.35%"
"08/07/2025","89.54","90.16","90.78","89.54","397.12K","-0.58%"
"08/06/2025","90.07","90.12","90.26","89.65","367.44K","0.32%"
"08/05/2025","89.79","90.63","90.64","89.76","475.84K","-0.29%"
"08/04/2025","90.04","89.33","90.09","89.31","569.30K","0.97%"
"08/01/2025","89.18","90.79","90.81","88.75","581.53K","-2.53%"
"07/31/2025","91.49","91.72","92.24","91.35","584.47K","0.62%"
"07/30/2025","90.92","90.52","91.10","90.35","473.37K","0.36%"
"07/29/2025","90.59","90.97","91.18","90.59","524.20K","0.22%"
"07/28/2025","90.39","90.61","90.63","90.25","467.17K","0.44%"
"07/25/2025","90.00","89.54","90.10","89.54","496.50K","0.81%"
"07/24/2025","89.27","88.91","89.36","88.87","561.98K","0.90%"
"07/23/2025","88.47","88.60","88.77","88.37","292.79K","0.07%"
"07/22/2025","88.40","88.70","88.79","88.35","394.56K","-0.56%"
"07/21/2025","88.90","88.96","89.03","88.65","443.53K","0.13%"
"07/18/2025","88.79","89.10","89.13","88.69","300.41K","-0.05%"
"07/17/2025","88.83","88.77","88.88","88.56","658.43K","1.57%"
"07/16/2025","87.46","88.01","88.65","87.46","391.78K","-1.43%"
"07/15/2025","88.73","88.71","88.88","88.55","455.94K","0.61%"
"07/14/2025","88.19","87.66","88.22","87.44","280.70K","0.44%"
"07/11/2025","87.81","87.69","87.97","87.25","279.31K","0.09%"
"07/10/2025","87.73","86.96","87.75","86.91","254.89K","0.73%"
"07/09/2025","87.09","86.72","87.39","86.68","363.55K","0.20%"
"07/08/2025","86.92","86.69","87.20","86.61","358.26K","0.28%"
"07/07/2025","86.68","86.92","87.24","86.67","384.66K","0.00%"
"07/04/2025","86.68","86.68","86.71","86.50","177.28K","-0.50%"
"07/03/2025","87.11","86.56","87.19","86.36","322.96K","0.71%"
"07/02/2025","86.50","85.84","86.67","85.75","665.93K","1.08%"
"07/01/2025","85.57","85.45","85.65","85.08","704.77K","0.04%"
"06/30/2025","85.54","85.50","85.78","85.40","413.60K","0.21%"
"06/27/2025","85.36","84.88","85.36","84.87","523.61K","1.01%"
"06/26/2025","84.50","84.37","84.60","84.19","476.63K","-0.27%"
"06/25/2025","84.72","84.73","85.05","84.72","333.43K","0.16%"
"06/24/2025","84.59","84.85","84.93","84.29","494.02K","0.72%"
"06/23/2025","83.99","83.99","84.67","83.96","483.81K","-0.20%"
"06/20/2025","84.15","83.96","84.50","83.68","326.01K","0.65%"
"06/19/2025","83.61","84.25","84.56","83.49","324.29K","-1.30%"
"06/18/2025","84.71","84.57","84.96","84.46","448.73K","0.24%"
"06/17/2025","84.51","84.10","84.63","83.93","448.52K","0.11%"
"06/16/2025","84.42","83.86","84.47","83.82","347.19K","0.51%"
"06/13/2025","83.99","83.67","84.30","83.51","450.85K","-0.38%"
"06/12/2025","84.31","84.21","84.34","83.62","842.15K","-0.61%"
"06/11/2025","84.82","84.89","85.07","84.74","524.85K","0.43%"
"06/10/2025","84.46","84.53","84.68","84.39","424.30K","0.43%"
"06/09/2025","84.10","83.93","84.33","83.92","286.87K","-0.03%"
"06/06/2025","84.12","83.59","84.49","83.50","407.88K","0.46%"
"06/05/2025","83.74","83.66","83.79","83.07","548.42K","0.05%"
"06/04/2025","83.69","83.81","84.07","83.50","298.53K","0.00%"
"06/03/2025","83.69","82.97","83.69","82.86","597.08K","1.35%"
"06/02/2025","82.57","82.37","82.86","82.17","669.81K","-0.51%"
"05/30/2025","83.00","83.07","83.27","82.71","650.20K","-0.10%"
"05/29/2025","83.08","84.32","84.47","82.99","686.81K","-0.17%"
"05/28/2025","83.23","83.26","83.75","83.00","444.56K","0.45%"
"05/27/2025","82.85","82.19","82.85","82.00","534.01K","1.60%"
"05/23/2025","81.54","82.39","82.47","80.75","412.86K","-1.35%"
"05/22/2025","82.66","82.78","82.97","82.20","403.35K","-1.23%"
"05/21/2025","83.69","83.41","83.76","83.21","253.22K","-0.85%"
"05/20/2025","84.41","84.34","84.67","84.19","329.60K","0.14%"
"05/19/2025","84.29","83.87","84.36","83.30","449.54K","-0.57%"
"05/16/2025","84.78","84.19","84.79","84.14","337.13K","0.60%"
"05/15/2025","84.27","83.75","84.27","83.48","463.41K","0.20%"
"05/14/2025","84.11","84.08","84.11","83.51","334.77K","-0.10%"
"05/13/2025","84.19","83.71","84.50","83.54","396.69K","0.96%"
"05/12/2025","83.39","82.24","84.29","82.24","463.04K","3.25%"
"05/09/2025","80.76","81.22","81.23","80.47","315.65K","-0.32%"
"05/08/2025","81.02","80.93","81.52","80.29","384.96K","1.68%"
"05/07/2025","79.69","79.91","80.24","79.50","197.44K","-0.31%"
"05/06/2025","79.93","80.35","80.35","79.12","688.21K","-1.12%"
"05/02/2025","80.84","80.22","80.91","80.11","339.60K","0.34%"
"05/01/2025","80.56","80.12","80.68","79.86","543.28K","2.86%"
"04/30/2025","78.32","78.50","78.83","77.35","311.37K","0.23%"
"04/29/2025","78.14","78.15","78.49","77.74","244.04K","0.51%"
"04/28/2025","77.74","78.62","78.76","77.74","309.25K","-0.36%"
"04/25/2025","78.02","78.61","78.67","77.68","343.78K","0.52%"
"04/24/2025","77.61","76.57","77.73","75.99","238.15K","0.52%"
"04/23/2025","77.21","76.43","78.10","76.40","339.38K","3.48%"
"04/22/2025","74.61","73.88","74.74","73.56","327.43K","-1.44%"
"04/17/2025","75.70","76.27","76.50","75.26","182.44K","-1.43%"
"04/16/2025","76.80","76.17","77.03","75.80","213.20K","-1.16%"
"04/15/2025","77.70","77.65","78.18","77.04","261.99K","-0.25%"
"04/14/2025","77.89","78.11","78.86","77.70","361.64K","2.25%"
"04/11/2025","76.17","77.30","77.39","75.52","365.04K","-0.82%"
"04/10/2025","76.80","80.27","80.43","76.80","718.84K","3.86%"
"04/09/2025","73.95","73.45","74.69","72.18","630.05K","-3.69%"
"04/08/2025","76.78","76.18","78.08","76.07","608.51K","3.20%"
"04/07/2025","74.40","70.84","77.69","70.74","1.06M","-1.91%"
"04/04/2025","75.85","77.97","78.24","75.02","898.06K","-3.65%"
"04/03/2025","78.72","79.38","79.57","78.00","660.28K","-4.71%"
"04/02/2025","82.62","82.54","82.66","81.53","335.19K","0.07%"
"04/01/2025","82.56","82.20","82.64","81.72","248.97K","1.45%"
"03/31/2025","81.38","80.96","81.40","80.44","356.52K","-0.56%"
"03/28/2025","81.83","82.95","83.34","81.79","206.89K","-2.00%"
"03/27/2025","83.51","83.77","83.90","83.06","233.68K","-0.85%"
"03/26/2025","84.22","84.71","85.04","84.15","322.33K","-0.08%"
"03/25/2025","84.29","84.52","84.65","84.29","335.51K","-0.25%"
"03/24/2025","84.50","83.60","84.58","83.60","323.09K","2.06%"
"03/21/2025","82.79","82.76","82.88","82.07","186.46K","-0.05%"
"03/20/2025","82.84","83.21","83.46","82.43","314.91K","-0.08%"
"03/19/2025","82.90","82.22","83.06","82.17","206.28K","0.90%"
"03/18/2025","82.17","82.87","83.07","81.96","255.86K","-0.50%"
"03/17/2025","82.57","82.31","83.00","82.20","319.19K","0.04%"
"03/14/2025","82.54","81.58","82.78","81.56","309.65K","1.52%"
"03/13/2025","81.31","81.61","82.24","81.17","297.62K","-1.13%"
"03/12/2025","82.24","82.11","82.77","81.41","326.48K","0.61%"
"03/11/2025","81.73","82.79","82.92","81.52","625.51K","-1.85%"
"03/10/2025","83.28","84.48","84.55","82.93","513.43K","-0.48%"
"03/07/2025","83.68","84.67","85.00","83.58","238.63K","-1.99%"
"03/06/2025","85.38","85.54","85.68","84.64","313.99K","0.66%"
"03/05/2025","84.82","86.09","86.28","84.82","433.38K","-1.20%"
"03/04/2025","85.85","87.50","87.57","85.68","594.67K","-3.16%"
"03/03/2025","88.65","89.77","89.90","88.55","304.96K","-0.07%"
"02/28/2025","88.71","88.59","88.93","88.05","346.83K","-1.04%"
"02/27/2025","89.64","89.65","89.86","89.00","259.70K","-0.13%"
"02/26/2025","89.75","89.74","90.06","89.42","257.47K","1.12%"
"02/25/2025","88.76","89.83","90.02","88.68","402.79K","-1.76%"
"02/24/2025","90.36","90.69","90.90","89.99","385.62K","-1.05%"
"02/21/2025","91.32","91.63","91.96","91.21","213.21K","-0.23%"
"02/20/2025","91.53","92.35","92.35","91.42","315.23K","-0.99%"
"02/19/2025","92.44","92.21","92.47","92.13","304.38K","0.50%"
"02/18/2025","91.99","92.33","92.50","91.90","260.30K","-0.21%"
"02/17/2025","92.18","92.20","92.35","92.13","182.57K","0.18%"
"02/14/2025","92.01","92.46","92.46","91.93","228.84K","-0.15%"
"02/13/2025","92.14","91.88","92.33","91.76","233.45K","0.05%"
"02/12/2025","92.10","92.39","92.62","91.89","247.90K","-0.54%"
"02/11/2025","92.60","92.89","92.97","92.35","241.05K","-0.26%"
"02/10/2025","92.84","92.43","92.93","92.35","279.49K","0.53%"
"02/07/2025","92.35","92.71","92.90","92.26","287.20K","-0.28%"
"02/06/2025","92.61","92.28","93.13","92.26","388.14K","1.33%"
"02/05/2025","91.40","91.14","91.43","90.78","369.39K","-0.37%"
"02/04/2025","91.73","91.59","91.78","91.23","299.22K","0.07%"
"02/03/2025","91.67","91.63","91.88","91.08","564.38K","-1.62%"
"01/31/2025","93.18","92.93","93.46","92.90","303.82K","1.29%"
"01/30/2025","92.00","92.35","92.55","91.75","281.89K","-0.20%"
"01/29/2025","92.18","92.55","92.79","92.18","216.22K","0.12%"
"01/28/2025","92.07","91.77","92.33","91.44","302.98K","1.26%"
"01/27/2025","90.93","91.56","91.60","89.80","490.55K","-2.14%"
"01/24/2025","92.92","93.57","93.57","92.82","278.84K","-0.79%"
"01/23/2025","93.66","93.67","93.83","93.46","330.24K","-0.17%"
"01/22/2025","93.81","93.38","93.81","93.07","388.39K","1.04%"
"01/21/2025","92.84","92.93","93.35","92.78","290.49K","0.01%"
"01/20/2025","92.83","93.21","93.54","92.70","298.42K","-0.60%"
"01/17/2025","93.39","92.63","93.44","92.52","306.60K","1.32%"
"01/16/2025","92.17","92.75","92.83","92.15","309.97K","0.17%"
"01/15/2025","92.01","90.61","92.01","90.54","308.14K","1.48%"
"01/14/2025","90.67","90.98","91.51","90.51","288.59K","0.39%"
"01/13/2025","90.32","90.63","90.64","90.14","320.95K","-0.03%"
"01/10/2025","90.34","91.06","91.18","90.12","334.45K","-0.81%"
"01/09/2025","91.08","91.19","91.35","90.89","211.35K","0.42%"
"01/08/2025","90.69","90.02","90.85","90.00","217.35K","0.51%"
"01/07/2025","90.23","90.26","90.69","90.00","417.94K","-0.90%"
"01/06/2025","91.05","90.57","91.19","90.38","367.89K","0.68%"
"01/03/2025","90.43","89.98","90.44","89.80","212.15K","0.00%"
"01/02/2025","90.44","89.53","90.78","89.51","402.82K","0.90%"
"12/31/2024","89.64","89.12","89.70","89.11","59.98K","0.26%"
"12/30/2024","89.40","89.72","89.95","88.71","292.50K","-0.53%"
"12/27/2024","89.88","91.06","91.23","89.61","307.36K","-0.48%"
"12/24/2024","90.32","90.46","90.49","90.26","107.49K","0.57%"
"12/23/2024","89.81","89.92","90.01","89.35","271.01K","0.13%"
"12/20/2024","89.69","88.77","89.69","87.86","344.17K","0.54%"
"12/19/2024","89.21","88.55","89.38","88.13","361.10K","-1.42%"
"12/18/2024","90.49","90.46","90.63","90.20","161.43K","0.25%"
"12/17/2024","90.26","90.38","90.58","90.01","238.64K","-0.41%"
"12/16/2024","90.63","90.82","90.95","90.62","179.07K","-0.21%"
"12/13/2024","90.82","91.00","91.11","90.64","137.02K","0.25%"
"12/12/2024","90.60","90.21","90.80","90.17","145.30K","-0.06%"
"12/11/2024","90.65","90.10","90.65","89.98","182.07K","0.52%"
"12/10/2024","90.18","90.24","90.47","90.07","162.08K","0.07%"
"12/09/2024","90.12","90.69","90.71","89.90","170.56K","-0.64%"
"12/06/2024","90.70","90.39","90.96","90.20","178.74K","0.10%"
"12/05/2024","90.61","90.73","90.88","90.47","160.81K","-0.11%"
"12/04/2024","90.71","90.75","91.12","90.62","194.77K","0.08%"
"12/03/2024","90.64","90.69","90.84","90.50","168.87K","-0.16%"
"12/02/2024","90.79","90.22","90.96","89.97","285.50K","0.64%"
"11/29/2024","90.21","89.73","90.21","89.73","134.96K","0.15%"
"11/28/2024","90.07","90.14","90.19","90.01","161.60K","0.28%"
"11/27/2024","89.82","90.78","90.78","89.77","269.89K","-1.20%"
"11/26/2024","90.91","90.51","90.91","90.30","144.44K","0.45%"
"11/25/2024","90.50","90.54","90.78","90.32","318.75K","0.19%"
"11/22/2024","90.33","89.88","90.54","89.75","291.09K","0.90%"
"11/21/2024","89.52","88.60","89.52","88.50","251.10K","1.46%"
"11/20/2024","88.23","88.63","88.91","87.99","198.13K","-0.28%"
"11/19/2024","88.48","88.43","88.48","87.64","166.10K","-0.14%"
"11/18/2024","88.60","88.38","88.60","88.15","301.39K","0.29%"
"11/15/2024","88.34","88.68","88.86","88.28","210.13K","-1.07%"
"11/14/2024","89.30","89.55","90.10","89.15","270.98K","-0.17%"
"11/13/2024","89.45","88.97","89.45","88.82","181.90K","0.33%"
"11/12/2024","89.16","88.83","89.17","88.66","323.58K","0.64%"
"11/11/2024","88.59","88.44","88.79","88.40","373.28K","0.64%"
"11/08/2024","88.03","87.49","88.03","87.27","291.74K","1.02%"
"11/07/2024","87.15","87.07","87.36","86.89","259.31K","0.29%"
"11/06/2024","86.89","86.76","87.41","86.57","519.36K","3.34%"
"11/05/2024","84.08","83.64","84.10","83.46","186.52K","0.36%"
"11/04/2024","83.78","83.83","84.10","83.55","230.92K","-0.63%"
"11/01/2024","84.32","84.11","84.45","83.83","257.13K","-0.18%"
"10/31/2024","84.47","84.29","84.76","84.16","283.00K","-0.87%"
"10/30/2024","85.21","85.22","85.54","85.00","210.08K","0.15%"
"10/29/2024","85.08","85.21","85.22","84.84","391.35K","-0.04%"
"10/28/2024","85.11","85.39","85.54","85.06","413.26K","-0.28%"
"10/25/2024","85.36","85.08","85.57","84.98","325.21K","0.44%"
"10/24/2024","84.98","85.16","85.36","84.85","253.80K","-0.11%"
"10/23/2024","85.07","85.45","85.58","85.07","325.45K","-0.31%"
"10/22/2024","85.34","85.22","85.43","85.07","282.33K","0.29%"
"10/21/2024","85.09","85.29","85.48","85.04","274.27K","-0.12%"
"10/18/2024","85.19","84.92","85.21","84.86","207.56K","-0.27%"
"10/17/2024","85.42","85.43","85.85","85.30","249.23K","0.59%"
"10/16/2024","84.92","84.97","84.99","84.56","275.44K","0.36%"
"10/15/2024","84.61","85.20","85.24","84.54","244.91K","-0.37%"
"10/14/2024","84.93","84.36","85.12","84.34","236.55K","0.76%"
"10/11/2024","84.29","83.98","84.34","83.68","207.73K","0.29%"
"10/10/2024","84.04","83.92","84.09","83.66","263.40K","0.28%"
"10/09/2024","83.81","83.25","83.81","83.12","166.92K","0.77%"
"10/08/2024","83.17","82.59","83.17","82.47","214.43K","0.04%"
"10/07/2024","83.13","82.93","83.20","82.81","252.34K","0.67%"
"10/04/2024","82.58","82.17","83.30","82.13","247.05K","0.19%"
"10/03/2024","82.43","82.02","82.68","81.86","218.32K","0.93%"
"10/02/2024","81.67","81.27","81.72","81.07","273.85K","0.25%"
"10/01/2024","81.46","81.58","82.00","81.06","349.42K","0.48%"
"09/30/2024","81.07","81.15","81.29","80.84","304.83K","-0.34%"
"09/27/2024","81.35","81.28","81.47","81.26","198.21K","0.43%"
"09/26/2024","81.00","81.86","81.98","81.00","195.96K","-0.41%"
"09/25/2024","81.34","80.90","81.35","80.90","166.43K","0.30%"
"09/24/2024","81.10","81.34","81.35","80.69","151.31K","-0.12%"
"09/23/2024","81.20","81.36","81.61","81.10","176.62K","0.03%"
"09/20/2024","81.17","81.17","81.40","81.02","194.81K","-0.47%"
"09/19/2024","81.56","81.32","81.88","81.21","292.07K","0.96%"
"09/18/2024","80.78","81.24","81.24","80.58","114.90K","-0.77%"
"09/17/2024","81.41","80.86","81.50","80.86","165.42K","0.95%"
"09/16/2024","80.64","80.92","81.01","80.53","","-0.61%"
"09/13/2024","81.14","80.77","81.14","80.76","125.35K","0.74%"
"09/12/2024","80.54","80.78","80.93","80.40","177.52K","1.67%"
"09/11/2024","79.22","79.56","79.96","78.96","164.45K","-0.53%"
"09/10/2024","79.64","79.26","79.90","79.19","224.42K","0.48%"
"09/09/2024","79.26","78.79","79.39","78.76","316.24K","1.04%"
"09/06/2024","78.44","79.04","79.54","78.30","184.02K","-1.01%"
"09/05/2024","79.24","79.62","79.99","79.24","141.40K","-0.77%"
"09/04/2024","79.85","79.67","80.11","79.58","198.35K","-1.24%"
"09/03/2024","80.85","81.69","81.77","80.62","224.20K","-0.92%"
"09/02/2024","81.60","81.44","81.65","81.33","208.48K","0.84%"
"08/30/2024","80.92","80.82","81.29","80.78","188.37K","-0.34%"
"08/29/2024","81.20","80.26","81.40","80.22","196.17K","1.02%"
"08/28/2024","80.38","80.78","80.95","80.38","262.63K","-0.22%"
"08/27/2024","80.56","80.83","80.89","80.40","248.90K","-0.37%"
"08/23/2024","80.86","80.97","81.32","80.50","138.16K","-0.50%"
"08/22/2024","81.26","81.56","81.71","81.26","141.52K","-0.26%"
"08/21/2024","81.47","81.67","81.84","81.36","150.95K","-0.14%"
"08/20/2024","81.59","82.00","82.04","81.45","177.64K","0.04%"
"08/19/2024","81.55","81.25","81.61","81.14","195.03K","0.08%"
"08/16/2024","81.49","81.90","81.95","81.13","246.59K","-0.09%"
"08/15/2024","81.57","80.68","81.62","80.50","248.70K","1.30%"
"08/14/2024","80.52","80.33","80.52","79.94","182.28K","0.76%"
"08/13/2024","79.91","79.53","79.93","79.34","188.75K","0.75%"
"08/12/2024","79.32","79.46","79.70","79.14","274.57K","0.21%"
"08/09/2024","79.15","79.11","79.44","78.93","193.14K","0.29%"
"08/08/2024","78.93","77.72","79.08","77.38","348.62K","-0.34%"
"08/07/2024","79.20","78.65","79.53","78.53","366.16K","0.92%"
"08/06/2024","78.47","77.93","78.78","77.65","746.28K","1.16%"
"08/05/2024","77.57","77.41","77.69","75.80","1.06M","-1.47%"
"08/02/2024","78.73","80.36","80.57","78.48","428.01K","-3.23%"
"08/01/2024","81.36","82.11","82.46","81.34","251.20K","-0.40%"
"07/31/2024","81.68","80.98","81.68","80.93","279.45K","1.64%"
"07/30/2024","80.36","80.71","81.07","80.30","205.16K","-0.06%"
"07/29/2024","80.41","80.92","81.22","80.41","396.74K","0.02%"
"07/26/2024","80.39","80.03","80.58","79.98","324.76K","0.14%"
"07/25/2024","80.28","80.11","80.42","79.47","222.61K","0.07%"
"07/24/2024","80.22","81.21","81.24","80.18","288.64K","-2.16%"
"07/23/2024","82.00","81.55","82.00","81.43","207.57K","0.93%"
"07/22/2024","81.25","81.07","81.68","80.95","315.23K","0.32%"
"07/19/2024","80.98","81.33","81.58","80.98","100.66K","-0.32%"
"07/18/2024","81.24","81.92","82.05","81.24","220.27K","-0.55%"
"07/17/2024","81.69","82.38","82.38","81.55","284.83K","-1.19%"
"07/16/2024","82.68","82.52","82.90","82.24","152.78K","0.16%"
"07/15/2024","82.54","82.34","82.72","82.24","290.00K","0.35%"
"07/12/2024","82.25","82.14","82.46","81.50","217.46K","0.17%"
"07/11/2024","82.12","83.05","83.39","82.09","143.36K","-0.60%"
"07/10/2024","82.61","82.69","83.06","82.21","119.20K","-0.18%"
"07/09/2024","82.76","82.60","83.18","82.14","121.52K","0.55%"
"07/08/2024","82.32","82.32","82.63","81.91","275.96K","0.22%"
"07/05/2024","82.14","82.28","82.49","81.72","147.08K","-0.06%"
"07/04/2024","82.18","82.29","82.65","81.91","128.51K","0.18%"
"07/03/2024","82.04","82.31","82.59","81.80","209.13K","0.11%"
"07/02/2024","81.94","82.00","82.22","81.54","158.47K","0.05%"
"07/01/2024","81.90","81.90","82.34","81.40","323.77K","-0.73%"
"06/28/2024","82.50","82.49","83.00","81.96","134.00K","0.61%"
"06/27/2024","82.00","82.03","82.35","81.76","321.69K","0.06%"
"06/26/2024","81.95","81.89","82.59","81.54","217.51K","0.33%"
"06/25/2024","81.68","81.51","81.79","80.92","147.70K","-0.27%"
"06/24/2024","81.90","90.15","90.15","81.45","173.36K","-0.16%"
"06/21/2024","82.04","82.06","82.37","81.69","173.12K","-0.15%"
"06/20/2024","82.16","82.11","82.55","81.77","202.74K","0.46%"
"06/19/2024","81.79","81.82","82.26","81.28","137.83K","0.05%"
"06/18/2024","81.74","81.70","82.23","81.21","185.25K","0.61%"
"06/17/2024","81.25","81.25","81.93","80.57","233.02K","0.32%"
"06/14/2024","80.98","80.85","81.35","80.20","192.00K","0.68%"
"06/13/2024","80.43","80.58","80.67","79.98","151.21K","0.02%"
"06/12/2024","80.42","80.19","81.00","80.00","143.26K","0.67%"
"06/11/2024","79.89","80.04","80.10","79.53","174.67K","0.03%"
"06/10/2024","79.86","79.75","79.95","79.62","225.44K","-0.12%"
"06/07/2024","79.96","79.59","80.13","79.10","282.49K","0.58%"
"06/06/2024","79.49","79.48","79.99","78.96","206.44K","0.37%"
"06/05/2024","79.20","78.72","79.27","78.30","210.77K","1.34%"
"06/04/2024","78.15","78.28","78.72","77.74","198.05K","-0.02%"
"06/03/2024","78.17","78.92","79.13","78.17","370.93K","0.63%"
"05/31/2024","77.68","78.13","78.56","77.56","208.79K","-0.71%"
"05/30/2024","78.24","78.36","78.74","77.68","172.93K","-0.66%"
"05/29/2024","78.76","78.70","78.89","77.97","169.67K","-0.07%"
"05/28/2024","78.81","79.00","79.46","78.70","247.04K","-0.23%"
"05/24/2024","79.00","78.81","79.36","78.46","181.11K","-0.46%"
"05/23/2024","79.36","79.60","80.14","79.12","143.09K","0.04%"
"05/22/2024","79.33","79.17","79.44","78.77","184.51K","0.00%"
"05/21/2024","79.33","79.29","79.67","78.86","157.30K","-0.25%"
"05/20/2024","79.52","79.35","79.67","78.96","228.95K","0.52%"
"05/17/2024","79.11","79.41","79.97","78.91","114.66K","-0.73%"
"05/16/2024","79.69","79.53","79.93","79.35","189.93K","0.61%"
"05/15/2024","79.21","79.09","79.32","78.71","239.89K","0.54%"
"05/14/2024","78.79","78.88","79.20","78.43","183.23K","-0.12%"
"05/13/2024","78.88","79.15","79.71","78.78","157.17K","-0.23%"
"05/10/2024","79.06","79.00","79.31","79.00","194.62K","0.24%"
"05/09/2024","78.87","78.68","79.04","78.56","153.97K","0.22%"
"05/08/2024","78.69","78.78","78.92","78.47","236.88K","0.28%"
"05/07/2024","78.47","78.32","78.56","77.80","10.43M","1.59%"
"05/03/2024","77.25","80.20","80.20","76.34","266.98K","1.14%"
"05/02/2024","76.37","76.34","76.95","76.10","273.56K","0.16%"
"05/01/2024","76.25","76.44","76.51","75.70","304.58K","-0.88%"
"04/30/2024","76.93","77.31","77.62","76.76","208.03K","-0.29%"
"04/29/2024","77.15","77.41","77.79","77.13","226.05K","-0.55%"
"04/26/2024","77.58","77.20","77.73","76.67","278.92K","2.04%"
"04/25/2024","76.03","76.50","76.87","75.82","222.34K","-1.53%"
"04/24/2024","77.22","77.48","77.55","77.06","247.39K","0.16%"
"04/23/2024","77.10","77.01","77.30","76.64","212.73K","0.73%"
"04/22/2024","76.54","76.38","77.00","76.31","491.46K","0.35%"
"04/19/2024","76.27","76.01","76.38","75.72","221.08K","-0.68%"
"04/18/2024","76.79","76.64","76.96","76.26","172.57K","0.24%"
"04/17/2024","76.61","76.69","77.60","76.61","213.77K","-0.63%"
"04/16/2024","77.09","77.00","77.55","76.52","299.47K","-1.37%"
"04/15/2024","78.16","78.26","78.63","77.76","255.28K","-0.36%"
"04/12/2024","78.44","78.74","79.32","78.10","240.38K","0.47%"
"04/11/2024","78.07","77.98","78.12","77.57","195.41K","0.27%"
"04/10/2024","77.86","77.96","78.28","77.14","266.90K","0.61%"
"04/09/2024","77.39","78.00","78.12","77.13","204.25K","-0.82%"
"04/08/2024","78.03","77.98","78.68","77.61","429.26K","0.06%"
"04/05/2024","77.98","77.46","78.13","77.27","355.75K","-0.62%"
"04/04/2024","78.47","78.27","78.62","77.79","302.80K","0.13%"
"04/03/2024","78.37","78.36","78.79","77.93","275.68K","0.06%"
"04/02/2024","78.32","79.07","80.17","78.14","479.61K","-0.46%"
"03/28/2024","78.69","78.78","79.30","78.25","231.58K","0.37%"
"03/27/2024","78.39","78.35","79.08","78.05","227.55K","-0.05%"
"03/26/2024","78.43","78.32","78.68","78.27","194.29K","0.18%"
"03/25/2024","78.29","78.63","78.94","77.90","338.53K","-0.45%"
"03/22/2024","78.65","78.76","79.44","78.40","173.47K","0.01%"
"03/21/2024","78.64","77.87","78.80","77.14","240.99K","1.96%"
"03/20/2024","77.13","77.09","77.49","76.87","155.02K","0.30%"
"03/19/2024","76.90","76.75","76.93","76.43","172.45K","0.05%"
"03/18/2024","76.86","76.24","77.00","76.23","189.97K","1.09%"
"03/15/2024","76.04","76.56","76.85","75.94","158.54K","-0.63%"
"03/14/2024","76.52","76.59","76.76","76.20","207.47K","-0.27%"
"03/13/2024","76.73","76.90","76.97","76.61","174.21K","0.09%"
"03/12/2024","76.66","76.32","76.93","76.00","192.98K","1.04%"
"03/11/2024","75.87","75.72","75.88","75.40","316.32K","-0.35%"
"03/08/2024","76.14","76.58","77.04","76.06","169.27K","-0.32%"
"03/07/2024","76.39","75.89","76.59","75.81","187.03K","0.29%"
"03/06/2024","76.17","75.99","76.36","75.83","233.73K","0.25%"
"03/05/2024","75.97","76.72","76.96","75.82","182.20K","-1.02%"
"03/04/2024","76.75","76.94","77.00","76.70","307.32K","-0.10%"
"03/01/2024","76.83","76.75","77.00","76.40","253.14K","0.75%"
"02/29/2024","76.25","76.03","76.52","75.74","228.44K","0.17%"
"02/28/2024","76.12","76.08","76.19","75.75","211.80K","0.41%"
"02/27/2024","75.81","75.88","76.07","75.70","190.97K","-0.42%"
"02/26/2024","76.13","76.10","76.30","75.99","281.75K","-0.19%"
"02/23/2024","76.27","76.23","76.48","76.04","168.68K","0.17%"
"02/22/2024","76.14","75.37","76.31","75.10","267.20K","1.93%"
"02/21/2024","74.69","74.71","74.81","74.54","123.92K","0.08%"
"02/20/2024","74.63","75.30","75.36","74.45","258.72K","-1.22%"
"02/19/2024","75.56","75.29","75.58","75.15","133.45K","-0.31%"
"02/16/2024","75.79","75.86","76.08","75.51","122.50K","0.35%"
"02/15/2024","75.53","75.74","75.82","75.40","113.29K","0.50%"
"02/14/2024","75.15","74.96","75.48","74.94","127.50K","0.51%"
"02/13/2024","74.77","75.29","75.39","74.49","246.48K","-1.37%"
"02/12/2024","75.81","75.39","75.81","75.10","312.45K","0.75%"
"02/09/2024","75.24","75.08","75.47","75.05","129.70K","0.23%"
"02/08/2024","75.07","75.05","75.32","74.95","135.53K","0.28%"
"02/07/2024","74.86","74.39","74.99","74.33","117.03K","0.46%"
"02/06/2024","74.51","74.76","74.79","74.36","192.46K","-0.25%"
"02/05/2024","74.70","74.38","75.10","74.31","286.04K","0.70%"
"02/02/2024","74.18","73.36","74.19","73.22","227.66K","2.26%"
"02/01/2024","72.54","72.81","73.12","72.48","232.72K","-0.42%"
"01/31/2024","72.85","73.42","73.50","72.66","220.77K","-1.21%"
"01/30/2024","73.74","73.54","73.88","73.47","196.44K","0.73%"
"01/29/2024","73.21","72.97","73.31","72.91","240.82K","0.24%"
"01/26/2024","73.04","72.86","73.13","72.69","133.13K","-0.03%"
"01/25/2024","73.06","72.57","73.08","72.50","139.18K","0.39%"
"01/24/2024","72.78","72.97","73.03","72.53","143.42K","0.28%"
"01/23/2024","72.57","72.24","72.65","72.17","118.46K","0.22%"
"01/22/2024","72.41","72.40","72.57","72.26","262.59K","0.77%"
"01/19/2024","71.86","71.62","71.93","71.57","3.07M","0.92%"
"01/18/2024","71.20","70.82","71.62","70.76","106.87K","0.29%"
"01/17/2024","71.00","71.08","71.33","70.84","226.36K","-0.70%"
"01/16/2024","71.50","71.26","71.61","71.15","138.32K","0.47%"
"01/15/2024","71.17","71.17","71.26","71.06","115.89K","0.18%"
"01/12/2024","71.04","70.87","71.25","70.83","147.42K","0.38%"
"01/11/2024","70.77","71.25","71.44","70.70","163.68K","-0.23%"
"01/10/2024","70.93","70.97","71.09","70.76","88.51K","0.13%"
"01/09/2024","70.84","70.72","70.89","70.46","160.01K","1.02%"
"01/08/2024","70.13","70.01","70.25","69.88","126.98K","0.21%"
"01/05/2024","69.98","70.05","70.29","69.90","159.15K","-0.75%"
"01/04/2024","70.51","70.39","70.62","70.11","176.76K","-0.16%"
"01/03/2024","70.62","71.11","71.15","70.59","159.04K","-0.88%"
"01/02/2024","71.25","71.15","71.25","70.91","341.34K","0.10%"
"12/29/2023","71.18","71.24","71.48","71.15","101.00K","0.04%"
"12/28/2023","71.15","70.93","71.22","70.82","176.49K","0.55%"
"12/27/2023","70.76","71.07","71.50","70.63","206.76K","0.10%"
"12/22/2023","70.69","70.94","70.94","70.56","73.00K","-0.15%"
"12/21/2023","70.79","70.84","71.03","70.57","129.17K","-0.78%"
"12/20/2023","71.35","71.38","71.52","71.10","158.34K","0.89%"
"12/19/2023","70.72","70.91","70.97","70.56","123.52K","-0.36%"
"12/18/2023","70.98","70.54","71.02","70.46","266.99K","0.73%"
"12/15/2023","70.46","70.23","70.55","70.08","149.41K","0.61%"
"12/14/2023","70.04","70.56","70.96","69.97","229.49K","-0.74%"
"12/13/2023","70.56","70.56","70.70","70.38","176.93K","0.69%"
"12/12/2023","70.07","69.96","70.25","69.73","170.39K","0.51%"
"12/11/2023","69.72","69.71","69.83","69.42","360.07K","0.28%"
"12/08/2023","69.52","69.23","69.71","69.09","131.61K","0.50%"
"12/07/2023","69.18","68.72","69.26","68.64","147.20K","0.38%"
"12/06/2023","68.92","69.06","69.28","68.92","108.98K","0.00%"
"12/05/2023","68.92","68.59","68.96","68.40","104.11K","0.58%"
"12/04/2023","68.52","68.70","68.80","68.45","211.65K","-0.13%"
"12/01/2023","68.61","68.65","69.00","68.29","198.77K","0.46%"
"11/30/2023","68.29","68.21","68.70","68.09","215.32K","0.03%"
"11/29/2023","68.27","68.15","68.59","68.13","213.03K","-0.11%"
"11/28/2023","68.35","68.45","68.58","68.07","145.84K","-0.40%"
"11/27/2023","68.62","68.49","68.62","68.35","134.70K","-0.03%"
"11/24/2023","68.64","69.01","69.10","68.54","140.59K","-0.67%"
"11/23/2023","69.10","69.15","69.33","68.81","91.80K","-0.42%"
"11/22/2023","69.39","68.81","69.51","68.70","127.17K","1.11%"
"11/21/2023","68.64","68.91","68.94","68.53","128.46K","-0.36%"
"11/20/2023","68.88","68.64","68.89","68.55","194.28K","0.08%"
"11/17/2023","68.83","69.16","69.28","68.73","98.15K","0.25%"
"11/16/2023","68.66","69.03","69.06","68.50","134.42K","-0.27%"
"11/15/2023","68.85","68.53","69.05","68.53","229.52K","0.57%"
"11/14/2023","68.45","68.17","68.60","68.05","189.23K","0.33%"
"11/13/2023","68.23","68.24","68.34","68.06","178.27K","0.34%"
"11/10/2023","68.00","67.61","68.07","67.41","131.12K","0.33%"
"11/09/2023","67.78","67.68","67.99","67.47","143.93K","0.48%"
"11/08/2023","67.45","67.58","67.85","67.45","221.54K","-0.12%"
"11/07/2023","67.53","67.01","67.63","67.00","170.89K","1.09%"
"11/06/2023","66.81","66.87","67.07","66.60","156.44K","-0.15%"
"11/03/2023","66.90","67.06","67.21","66.48","156.92K","-0.13%"
"11/02/2023","66.99","66.24","67.03","66.14","225.74K","1.73%"
"11/01/2023","65.85","65.32","65.98","65.10","192.05K","0.99%"
"10/31/2023","65.20","64.84","65.29","64.80","218.20K","0.67%"
"10/30/2023","64.77","64.88","65.05","64.48","236.51K","0.18%"
"10/27/2023","64.65","65.03","65.14","64.56","204.04K","-0.61%"
"10/26/2023","65.05","65.29","66.12","64.97","235.35K","-1.14%"
"10/25/2023","65.80","65.98","66.34","65.60","107.95K","-0.50%"
"10/24/2023","66.13","65.39","66.32","65.31","177.13K","0.71%"
"10/23/2023","65.66","66.02","66.05","65.35","258.14K","-0.59%"
"10/20/2023","66.05","66.77","66.93","66.03","127.51K","-1.90%"
"10/19/2023","67.33","67.31","67.63","67.16","85.90K","-0.58%"
"10/18/2023","67.72","67.77","67.97","67.65","135.41K","-0.46%"
"10/17/2023","68.04","67.95","68.13","67.66","270.19K","0.03%"
"10/16/2023","68.02","67.64","68.19","67.37","142.74K","0.46%"
"10/13/2023","67.71","67.71","68.15","67.43","133.89K","-0.26%"
"10/12/2023","67.88","67.58","67.98","67.50","139.32K","1.14%"
"10/11/2023","67.12","67.23","67.47","67.08","194.99K","-0.73%"
"10/10/2023","67.61","67.25","67.70","67.04","102.15K","1.27%"
"10/09/2023","66.76","66.53","66.81","66.35","174.73K","0.79%"
"10/06/2023","66.24","66.19","66.30","65.79","172.27K","0.43%"
"10/05/2023","65.95","66.42","66.61","65.89","126.07K","-0.36%"
"10/04/2023","66.19","66.07","66.26","65.97","182.49K","-0.24%"
"10/03/2023","66.35","67.20","67.44","66.34","158.99K","-1.04%"
"10/02/2023","67.05","66.92","67.11","66.64","295.66K","0.15%"
"09/29/2023","66.95","66.68","67.25","66.63","150.51K","0.33%"
"09/28/2023","66.73","66.83","66.86","66.24","153.91K","0.09%"
"09/27/2023","66.67","66.83","67.03","66.57","126.25K","-0.11%"
"09/26/2023","66.74","67.09","67.24","66.67","150.27K","-0.54%"
"09/25/2023","67.11","67.03","67.21","66.67","265.16K","-0.24%"
"09/22/2023","67.27","66.85","67.32","66.82","193.51K","0.19%"
"09/21/2023","67.14","67.54","67.68","67.02","162.07K","-1.28%"
"09/20/2023","68.01","68.12","68.27","67.96","142.27K","0.54%"
"09/19/2023","67.65","68.08","68.27","67.53","158.83K","-0.77%"
"09/18/2023","68.17","68.15","68.25","67.88","160.49K","-0.11%"
"09/15/2023","68.24","68.82","68.90","68.14","169.59K","-0.57%"
"09/14/2023","68.63","67.78","68.64","67.64","127.94K","0.82%"
"09/13/2023","68.08","68.11","68.14","67.72","179.32K","0.01%"
"09/12/2023","68.07","68.06","68.26","67.99","133.56K","0.35%"
"09/11/2023","67.83","67.88","68.03","67.69","228.77K","-0.31%"
"09/08/2023","68.04","67.86","68.06","67.56","121.84K","0.53%"
"09/07/2023","67.68","67.76","67.97","67.50","111.57K","-0.16%"
"09/06/2023","67.79","67.84","68.09","67.71","103.71K","-0.46%"
"09/05/2023","68.10","67.99","68.29","67.90","105.35K","0.27%"
"09/04/2023","67.92","68.03","68.08","67.82","86.66K","-0.11%"
"09/01/2023","67.99","67.70","68.13","67.57","143.55K","0.32%"
"08/31/2023","67.78","67.52","68.00","67.50","119.34K","0.68%"
"08/30/2023","67.32","67.58","67.64","67.00","142.16K","-0.04%"
"08/29/2023","67.35","66.80","67.42","66.65","314.02K","1.78%"
"08/25/2023","66.17","66.04","66.32","65.86","54.67K","-0.05%"
"08/24/2023","66.20","66.72","66.97","66.17","100.89K","0.11%"
"08/23/2023","66.13","65.51","66.26","65.50","133.44K","0.82%"
"08/22/2023","65.59","65.42","65.90","65.31","86.31K","0.73%"
"08/21/2023","65.11","65.07","65.49","64.96","151.69K","0.25%"
"08/18/2023","64.95","65.30","65.32","64.67","129.78K","-0.83%"
"08/17/2023","65.50","65.73","66.01","65.31","228.43K","-0.89%"
"08/16/2023","66.08","66.19","66.32","65.98","161.52K","-0.52%"
"08/15/2023","66.43","67.04","67.16","66.18","138.97K","-0.77%"
"08/14/2023","66.95","66.77","67.20","66.68","148.96K","0.63%"
"08/11/2023","66.53","66.81","66.86","66.43","111.02K","-0.79%"
"08/10/2023","67.06","66.81","67.25","66.50","181.86K","0.55%"
"08/09/2023","66.69","66.91","67.25","66.61","107.38K","0.13%"
"08/08/2023","66.61","66.89","67.09","66.56","162.19K","-0.23%"
"08/07/2023","66.76","66.99","67.05","66.54","142.24K","-0.64%"
"08/04/2023","67.19","67.45","67.66","66.90","166.22K","0.03%"
"08/03/2023","67.17","67.31","67.86","66.90","155.49K","-0.48%"
"08/02/2023","67.50","67.57","67.85","67.13","164.85K","-0.81%"
"08/01/2023","68.05","67.82","68.08","67.59","298.20K","0.68%"
"07/31/2023","67.59","67.53","67.83","67.41","324.73K","-0.02%"
"07/28/2023","67.60","67.45","67.70","67.14","172.04K","-0.10%"
"07/27/2023","67.67","67.06","67.99","66.99","200.61K","1.22%"
"07/26/2023","66.86","67.26","67.29","66.78","68.58K","-0.59%"
"07/25/2023","67.25","67.30","67.50","67.00","161.78K","-0.08%"
"07/24/2023","67.30","66.78","67.47","66.75","392.71K","0.28%"
"07/21/2023","67.11","66.82","67.38","66.77","184.56K","-0.04%"
"07/20/2023","67.14","66.88","67.24","66.80","118.31K","-0.20%"
"07/19/2023","67.27","66.61","67.36","66.54","146.97K","2.26%"
"07/18/2023","65.79","65.45","65.79","65.27","192.69K","0.52%"
"07/17/2023","65.45","65.22","65.49","65.09","235.29K","0.27%"
"07/14/2023","65.27","65.18","65.47","65.02","113.91K","0.44%"
"07/13/2023","64.99","65.35","65.43","64.96","128.12K","-0.52%"
"07/12/2023","65.33","64.99","65.61","64.99","131.23K","0.54%"
"07/11/2023","64.98","64.94","65.03","64.68","82.39K","-0.14%"
"07/10/2023","65.07","64.85","65.40","64.75","91.37K","-0.18%"
"07/07/2023","65.19","65.55","65.65","65.12","78.68K","-0.49%"
"07/06/2023","65.51","66.07","66.10","65.25","104.09K","-1.26%"
"07/05/2023","66.35","66.26","66.42","65.95","115.11K","0.01%"
"07/04/2023","66.34","66.47","66.55","66.19","79.50K","-0.27%"
"07/03/2023","66.52","66.42","66.65","66.09","102.67K","0.54%"
"06/30/2023","66.16","66.04","66.29","65.88","120.46K","0.29%"
"06/29/2023","65.96","65.66","65.98","65.56","124.03K","0.56%"
"06/28/2023","65.59","65.05","65.79","64.98","86.90K","1.40%"
"06/27/2023","64.69","64.52","64.74","64.42","102.50K","0.03%"
"06/26/2023","64.67","64.82","65.03","64.46","199.13K","-0.20%"
"06/23/2023","64.80","65.00","65.19","64.60","64.51K","-0.16%"
"06/22/2023","64.91","64.75","65.04","64.15","59.35K","-0.11%"
"06/21/2023","64.98","64.97","65.52","64.82","79.85K","-0.13%"
"06/20/2023","65.06","65.17","65.47","65.00","58.64K","-0.13%"
"06/19/2023","65.15","65.15","65.33","65.00","84.89K","-0.34%"
"06/16/2023","65.37","65.45","65.72","65.30","99.86K","-0.08%"
"06/15/2023","65.42","65.42","65.50","65.01","113.92K","-0.35%"
"06/14/2023","65.65","65.82","65.98","65.41","98.25K","-0.20%"
"06/13/2023","65.79","65.79","65.98","65.18","128.93K","0.44%"
"06/12/2023","65.50","65.17","65.50","64.96","127.96K","0.87%"
"06/09/2023","64.93","64.88","65.25","64.44","172.78K","0.17%"
"06/08/2023","64.82","65.04","65.15","64.66","81.92K","-0.68%"
"06/07/2023","65.27","65.57","65.61","65.09","215.88K","-0.31%"
"06/06/2023","65.47","65.23","65.65","65.18","87.63K","-0.25%"
"06/05/2023","65.63","65.49","65.88","65.26","174.44K","0.83%"
"06/02/2023","65.09","64.08","65.14","64.00","145.26K","2.10%"
"06/01/2023","63.75","64.03","64.14","63.32","213.63K","-0.12%"
"05/31/2023","63.83","64.29","64.57","63.83","170.53K","-0.91%"
"05/30/2023","64.42","64.86","64.93","64.26","265.36K","-0.21%"
"05/26/2023","64.55","63.85","64.70","63.50","178.70K","1.23%"
"05/25/2023","63.77","63.64","63.96","63.42","152.63K","0.97%"
"05/24/2023","63.16","63.21","63.47","63.01","109.07K","-1.20%"
"05/23/2023","63.93","64.06","64.29","63.79","93.49K","-0.33%"
"05/22/2023","64.14","63.94","64.21","63.79","94.04K","0.57%"
"05/19/2023","63.78","64.26","64.38","63.78","123.91K","-0.18%"
"05/18/2023","63.89","63.26","64.04","63.26","117.71K","1.80%"
"05/17/2023","62.76","62.67","62.92","62.63","69.33K","0.15%"
"05/16/2023","62.67","62.73","62.76","62.45","122.31K","0.17%"
"05/15/2023","62.56","62.98","62.98","62.33","128.86K","-0.17%"
"05/12/2023","62.66","62.68","62.92","62.56","85.51K","0.13%"
"05/11/2023","62.58","62.43","62.65","62.19","130.54K","0.86%"
"05/10/2023","62.05","61.97","62.35","61.70","111.63K","0.14%"
"05/09/2023","61.96","62.01","62.19","61.91","162.14K","0.11%"
"05/05/2023","61.89","61.24","62.07","61.20","234.52K","1.07%"
"05/04/2023","61.24","61.78","61.87","60.95","208.47K","-1.62%"
"05/03/2023","62.25","62.56","62.80","62.19","129.89K","-0.13%"
"05/02/2023","62.33","63.22","63.35","62.12","228.06K","-0.35%"
"04/28/2023","62.54","62.71","62.92","62.26","107.80K","0.55%"
"04/27/2023","62.20","61.90","62.29","61.82","141.52K","0.31%"
"04/26/2023","62.01","62.37","62.39","61.68","135.67K","-1.12%"
"04/25/2023","62.71","62.71","63.00","62.50","111.31K","-0.12%"
"04/24/2023","62.79","62.81","63.12","62.71","199.51K","-0.40%"
"04/21/2023","63.04","63.04","63.29","62.93","150.10K","0.25%"
"04/20/2023","62.88","62.91","63.19","62.77","160.43K","-0.36%"
"04/19/2023","63.11","63.04","63.28","62.75","137.24K","-0.28%"
"04/18/2023","63.29","63.46","63.63","63.13","141.21K","-0.06%"
"04/17/2023","63.33","63.28","63.48","62.76","200.80K","0.50%"
"04/14/2023","63.01","62.64","63.36","62.60","272.38K","1.09%"
"04/13/2023","62.33","62.29","62.98","62.00","212.11K","-0.26%"
"04/12/2023","62.49","62.65","63.11","62.30","172.75K","-0.32%"
"04/11/2023","62.69","62.83","62.89","62.54","350.77K","0.71%"
"04/06/2023","62.25","62.15","62.47","62.03","254.24K","0.28%"
"04/05/2023","62.08","62.25","62.37","61.99","285.01K","-0.17%"
"04/04/2023","62.19","62.92","62.94","62.04","330.08K","-0.95%"
"04/03/2023","62.78","63.28","63.28","62.15","255.67K","0.46%"
"03/31/2023","62.49","62.01","62.56","61.96","326.34K","0.86%"
"03/30/2023","61.96","61.99","62.50","61.87","284.34K","0.57%"
"03/29/2023","61.61","61.44","61.82","61.37","181.31K","1.07%"
"03/28/2023","60.96","61.31","61.42","60.87","207.05K","-0.74%"
"03/27/2023","61.41","61.77","61.89","61.28","230.06K","0.51%"
"03/24/2023","61.10","61.16","61.25","60.62","200.19K","-0.42%"
"03/23/2023","61.36","61.00","61.63","60.65","215.00K","-0.88%"
"03/22/2023","61.90","61.71","62.12","61.56","247.39K","0.10%"
"03/21/2023","61.85","61.29","61.89","61.21","208.46K","1.79%"
"03/20/2023","60.76","60.54","61.15","60.20","200.61K","-0.52%"
"03/17/2023","61.07","61.72","61.97","60.82","147.93K","-0.73%"
"03/16/2023","61.52","61.21","61.67","60.63","151.46K","1.10%"
"03/15/2023","60.85","61.28","62.42","60.41","234.90K","-0.77%"
"03/14/2023","61.33","60.50","61.56","60.24","336.18K","1.31%"
"03/13/2023","60.53","61.51","61.57","59.81","465.60K","-2.30%"
"03/10/2023","61.96","61.91","63.68","61.03","358.94K","-2.70%"
"03/09/2023","63.67","63.96","64.40","63.50","131.34K","-0.40%"
"03/08/2023","63.93","64.09","64.18","63.87","146.23K","-0.38%"
"03/07/2023","64.18","63.89","64.38","63.86","87.03K","-0.09%"
"03/06/2023","64.24","63.92","64.40","63.83","158.06K","0.85%"
"03/03/2023","63.69","63.01","63.72","63.01","122.79K","1.64%"
"03/02/2023","62.66","62.28","62.77","62.18","149.94K","0.39%"
"03/01/2023","62.42","62.51","62.94","62.29","310.17K","0.03%"
"02/28/2023","62.40","62.65","62.79","62.18","255.46K","-0.88%"
"02/27/2023","62.96","63.17","63.47","62.96","305.73K","0.07%"
"02/24/2023","62.91","63.23","63.34","62.60","213.91K","-0.05%"
"02/23/2023","62.94","63.13","63.50","62.93","167.02K","0.00%"
"02/22/2023","62.94","62.78","62.96","62.60","127.20K","0.14%"
"02/21/2023","62.86","64.10","64.21","62.85","146.34K","-2.03%"
"02/20/2023","64.16","64.00","64.51","64.00","159.83K","0.05%"
"02/17/2023","64.13","64.72","64.79","63.85","144.49K","-1.47%"
"02/16/2023","65.09","65.46","65.52","64.82","225.39K","-0.08%"
"02/15/2023","65.15","64.60","65.24","64.57","156.60K","1.79%"
"02/14/2023","64.00","64.65","64.98","64.00","188.21K","-0.81%"
"02/13/2023","64.52","64.22","64.61","64.18","189.81K","0.69%"
"02/10/2023","64.08","63.87","64.20","63.50","120.49K","-0.54%"
"02/09/2023","64.43","64.86","65.06","64.32","133.65K","-0.44%"
"02/08/2023","64.71","65.21","65.37","64.69","184.82K","-0.28%"
"02/07/2023","64.90","64.92","65.22","64.72","138.36K","-0.22%"
"02/06/2023","65.04","64.85","65.08","64.17","155.86K","-0.88%"
"02/03/2023","65.62","64.50","65.62","64.08","153.47K","1.45%"
"02/02/2023","64.68","63.31","64.68","63.25","144.71K","3.29%"
"02/01/2023","62.62","62.60","62.68","62.34","90.08K","0.57%"
"01/31/2023","62.26","61.80","62.36","61.51","163.39K","0.42%"
"01/30/2023","62.01","62.03","62.26","61.60","137.38K","-0.40%"
"01/27/2023","62.26","62.01","62.42","61.83","69.33K","0.86%"
"01/26/2023","61.72","61.58","61.99","61.03","145.79K","1.15%"
"01/25/2023","61.02","61.66","61.69","60.59","92.19K","-1.12%"
"01/24/2023","61.72","61.41","61.99","61.37","127.22K","0.12%"
"01/23/2023","61.64","60.66","61.78","60.59","189.36K","2.28%"
"01/20/2023","60.26","60.01","60.28","59.80","165.29K","1.02%"
"01/19/2023","59.66","60.28","60.76","59.65","118.67K","-1.80%"
"01/18/2023","60.75","61.54","61.62","60.67","231.36K","-1.55%"
"01/17/2023","61.71","61.86","62.03","61.53","163.13K","-0.62%"
"01/16/2023","62.09","61.97","62.21","61.75","253.86K","0.67%"
"01/13/2023","61.68","61.74","61.88","61.35","153.38K","-0.19%"
"01/12/2023","61.80","61.91","63.00","61.56","276.98K","0.41%"
"01/11/2023","61.55","61.04","61.64","61.02","98.50K","1.44%"
"01/10/2023","60.67","60.62","60.94","60.45","216.81K","-0.99%"
"01/09/2023","61.28","60.88","61.39","60.71","124.16K","0.63%"
"01/06/2023","60.89","60.73","61.28","60.60","135.09K","0.45%"
"01/05/2023","60.62","60.61","61.00","60.49","115.76K","-0.30%"
"01/04/2023","60.80","60.44","61.60","60.13","151.76K","0.80%"
"01/03/2023","60.32","60.85","61.79","60.15","185.18K","0.17%"
"12/30/2022","60.21","60.21","61.19","60.10","40.46K","-0.27%"
"12/29/2022","60.38","59.73","60.54","59.60","125.24K","0.87%"
"12/28/2022","59.86","60.41","60.63","59.80","188.25K","-0.50%"
"12/23/2022","60.16","60.07","60.26","60.01","89.66K","0.39%"
"12/22/2022","59.92","60.68","60.97","59.89","96.94K","-1.42%"
"12/21/2022","60.78","59.70","60.88","59.68","88.97K","2.10%"
"12/20/2022","59.54","59.12","59.90","58.96","116.74K","-0.10%"
"12/19/2022","59.60","59.94","60.15","59.60","112.59K","-0.59%"
"12/16/2022","59.95","60.41","60.53","59.75","105.23K","-0.79%"
"12/15/2022","60.43","60.80","63.10","60.17","91.47K","-2.46%"
"12/14/2022","61.95","61.86","62.05","61.55","79.81K","-0.46%"
"12/13/2022","62.24","61.73","63.65","61.63","197.50K","1.58%"
"12/12/2022","61.27","60.97","61.38","60.88","102.17K","-0.05%"
"12/09/2022","61.29","61.67","61.80","61.05","139.23K","-0.37%"
"12/08/2022","61.52","61.38","61.75","61.27","142.97K","0.44%"
"12/07/2022","61.25","61.71","61.80","60.97","241.74K","-0.26%"
"12/06/2022","61.41","62.29","62.59","61.23","235.10K","-1.98%"
"12/05/2022","62.65","62.70","63.00","62.48","146.13K","-0.17%"
"12/02/2022","62.76","63.06","63.65","62.46","102.83K","-0.61%"
"12/01/2022","63.15","64.17","64.25","62.76","248.13K","0.36%"
"11/30/2022","62.92","62.90","62.99","62.51","248.74K","0.68%"
"11/29/2022","62.49","62.81","62.99","62.49","319.30K","-0.73%"
"11/28/2022","62.96","63.06","63.16","62.64","171.88K","-0.38%"
"11/25/2022","63.20","63.36","63.45","63.19","203.35K","-0.07%"
"11/24/2022","63.24","63.36","63.56","63.11","157.51K","-0.09%"
"11/23/2022","63.30","63.95","64.28","63.25","130.33K","-0.52%"
"11/22/2022","63.63","63.37","63.68","63.16","205.93K","0.33%"
"11/21/2022","63.42","63.43","63.67","63.32","83.97K","0.58%"
"11/18/2022","63.06","62.91","63.56","62.83","84.70K","-0.18%"
"11/17/2022","63.17","63.26","63.31","62.80","414.22K","-0.34%"
"11/16/2022","63.38","63.90","64.05","63.20","145.66K","-1.20%"
"11/15/2022","64.15","63.88","64.36","63.65","220.18K","-0.53%"
"11/14/2022","64.50","64.10","64.67","63.87","115.56K","1.16%"
"11/11/2022","63.76","64.38","64.49","63.68","117.58K","0.04%"
"11/10/2022","63.74","62.53","63.74","62.10","189.74K","0.99%"
"11/09/2022","63.12","63.00","63.42","62.81","166.43K","-0.14%"
"11/08/2022","63.21","62.80","63.42","62.70","109.52K","0.90%"
"11/07/2022","62.64","62.94","63.16","62.32","90.78K","-0.09%"
"11/04/2022","62.70","63.06","65.00","62.41","114.79K","-1.23%"
"11/03/2022","63.48","62.87","63.78","62.70","80.76K","0.22%"
"11/02/2022","63.34","63.67","63.80","63.22","72.77K","-0.78%"
"11/01/2022","63.84","64.09","64.35","63.58","143.63K","-0.12%"
"10/31/2022","63.91","63.76","64.20","63.49","95.47K","1.15%"
"10/28/2022","63.19","62.02","63.40","62.01","101.79K","0.74%"
"10/27/2022","62.72","62.86","63.98","62.42","83.04K","-0.96%"
"10/26/2022","63.33","63.14","63.40","62.62","51.25K","-0.13%"
"10/25/2022","63.42","63.99","63.99","63.04","81.42K","0.09%"
"10/24/2022","63.36","62.81","63.65","62.11","133.61K","1.23%"
"10/21/2022","62.59","62.01","62.86","61.78","78.66K","0.31%"
"10/20/2022","62.40","62.30","62.77","61.95","249.05K","-0.11%"
"10/19/2022","62.47","62.74","62.89","62.17","97.71K","0.71%"
"10/18/2022","62.03","62.46","63.00","61.94","149.99K","1.69%"
"10/17/2022","60.99","60.87","61.53","60.63","201.98K","-0.44%"
"10/14/2022","61.26","61.87","63.00","61.03","204.61K","1.27%"
"10/13/2022","60.49","61.29","61.52","59.04","179.96K","-1.67%"
"10/12/2022","61.53","62.21","62.42","61.40","179.63K","0.21%"
"10/11/2022","61.40","61.69","61.87","61.13","100.88K","-1.05%"
"10/10/2022","62.05","61.99","62.70","61.71","134.12K","-0.79%"
"10/07/2022","62.54","63.40","64.00","62.32","118.08K","-2.13%"
"10/06/2022","63.90","63.29","64.04","62.97","109.59K","1.54%"
"10/05/2022","62.93","62.26","63.17","62.10","174.83K","0.42%"
"10/04/2022","62.67","61.92","63.00","61.84","146.69K","2.00%"
"10/03/2022","61.44","60.84","62.10","60.43","155.28K","-1.36%"
"09/30/2022","62.28","62.16","62.78","61.75","149.89K","-0.39%"
"09/29/2022","62.53","64.88","65.06","62.37","78.95K","-3.67%"
"09/28/2022","64.91","64.54","65.24","63.19","161.50K","0.58%"
"09/27/2022","64.54","64.89","65.33","64.50","89.72K","0.41%"
"09/26/2022","64.28","65.00","65.57","63.75","213.27K","0.53%"
"09/23/2022","63.94","63.26","64.19","62.98","107.57K","1.13%"
"09/22/2022","63.22","63.58","65.30","63.05","118.21K","-2.36%"
"09/21/2022","64.75","64.22","64.97","64.01","72.18K","0.84%"
"09/20/2022","64.21","64.70","64.90","63.83","149.05K","0.51%"
"09/16/2022","63.88","64.17","64.50","63.75","94.55K","-1.09%"
"09/15/2022","64.58","64.88","66.10","64.36","67.20K","-0.34%"
"09/14/2022","64.81","65.23","65.35","64.53","185.27K","-1.37%"
"09/13/2022","65.70","66.93","67.36","65.55","127.86K","-1.61%"
"09/12/2022","66.78","66.42","66.88","66.25","115.34K","0.32%"
"09/09/2022","66.56","65.78","66.66","65.73","109.50K","0.67%"
"09/08/2022","66.12","65.78","66.28","65.07","102.77K","1.34%"
"09/07/2022","65.24","64.52","65.40","64.40","53.50K","0.78%"
"09/06/2022","64.74","64.61","65.01","64.11","88.90K","-0.28%"
"09/05/2022","64.92","65.18","65.28","64.71","91.81K","-1.34%"
"09/02/2022","65.80","65.28","65.95","65.01","106.54K","1.90%"
"09/01/2022","64.57","64.47","64.86","64.15","107.84K","-0.63%"
"08/31/2022","64.98","65.20","65.64","64.80","86.81K","-0.10%"
"08/30/2022","65.04","65.52","66.10","64.74","158.31K","-1.83%"
"08/26/2022","66.26","67.50","67.59","66.26","151.05K","-0.91%"
"08/25/2022","66.86","66.99","67.15","66.67","169.13K","0.20%"
"08/24/2022","66.73","66.24","66.78","65.98","108.46K","0.74%"
"08/23/2022","66.24","66.69","67.05","66.04","167.71K","-1.29%"
"08/22/2022","67.11","67.50","67.70","66.75","148.41K","-1.25%"
"08/19/2022","67.96","67.86","68.44","67.75","214.79K","0.32%"
"08/18/2022","67.74","67.30","67.74","67.15","358.27K","0.78%"
"08/17/2022","67.22","67.43","67.53","67.00","150.43K","-0.44%"
"08/16/2022","67.51","67.54","67.81","67.00","169.74K","0.60%"
"08/15/2022","67.11","66.87","67.20","66.50","157.37K","1.05%"
"08/12/2022","66.41","65.58","66.47","65.54","163.18K","1.06%"
"08/11/2022","65.71","65.58","65.99","65.30","332.58K","0.97%"
"08/10/2022","65.08","64.68","65.55","64.50","144.63K","0.49%"
"08/09/2022","64.76","65.09","65.19","64.47","179.55K","-0.70%"
"08/08/2022","65.22","65.22","65.50","65.05","152.41K","0.63%"
"08/05/2022","64.81","64.81","65.30","64.61","102.28K","0.10%"
"08/04/2022","64.75","64.72","65.38","64.40","94.28K","0.07%"
"08/03/2022","64.70","63.85","64.79","63.58","81.14K","1.44%"
"08/02/2022","63.78","63.65","64.02","63.40","153.80K","-0.12%"
"08/01/2022","63.86","64.05","64.21","63.36","208.93K","0.07%"
"07/29/2022","63.81","63.56","64.61","63.47","110.20K","0.91%"
"07/28/2022","63.24","62.55","63.32","62.31","123.30K","1.08%"
"07/27/2022","62.56","62.26","62.66","62.02","69.99K","1.14%"
"07/26/2022","61.86","62.27","62.65","61.86","65.14K","-1.00%"
"07/25/2022","62.49","62.62","62.76","62.04","112.28K","-0.16%"
"07/22/2022","62.58","63.04","63.47","62.58","99.66K","-0.47%"
"07/21/2022","62.88","62.60","63.01","62.46","82.58K","0.21%"
"07/20/2022","62.75","62.33","62.75","62.03","111.50K","1.78%"
"07/19/2022","61.65","60.80","61.65","60.17","112.80K","0.24%"
"07/18/2022","61.51","61.89","62.00","61.23","108.13K","-0.06%"
"07/15/2022","61.54","60.75","61.70","60.65","142.32K","2.26%"
"07/14/2022","60.19","60.61","60.62","59.86","46.63K","-0.36%"
"07/13/2022","60.40","60.90","61.15","59.92","147.69K","-1.73%"
"07/12/2022","61.47","61.22","61.78","61.13","50.69K","-0.04%"
"07/11/2022","61.49","61.14","61.83","61.10","98.66K","-0.26%"
"07/08/2022","61.65","61.42","61.86","61.22","114.09K","0.47%"
"07/07/2022","61.36","61.12","61.48","60.67","113.72K","0.95%"
"07/06/2022","60.78","60.60","61.22","60.44","98.13K","1.88%"
"07/05/2022","59.65","60.02","60.22","59.29","105.28K","0.05%"
"07/04/2022","59.63","59.58","59.72","59.34","100.00K","0.25%"
"07/01/2022","59.48","58.64","60.20","58.50","93.83K","0.78%"
"06/30/2022","59.02","58.84","59.10","58.15","98.80K","-0.98%"
"06/29/2022","59.61","59.21","59.98","59.17","79.66K","-0.99%"
"06/28/2022","60.20","60.44","61.18","60.18","148.38K","-0.18%"
"06/27/2022","60.31","60.27","60.78","59.94","153.60K","0.79%"
"06/24/2022","59.84","58.94","59.98","58.84","99.87K","2.38%"
"06/23/2022","58.45","58.08","58.91","57.96","58.40K","0.22%"
"06/22/2022","58.33","57.64","58.50","57.20","158.42K","0.34%"
"06/21/2022","58.13","57.44","58.28","57.34","328.57K","1.33%"
"06/20/2022","57.36","57.13","57.38","56.97","194.87K","0.66%"
"06/17/2022","56.99","56.92","57.42","56.59","260.13K","0.85%"
"06/16/2022","56.51","58.62","58.94","56.45","178.99K","-4.87%"
"06/15/2022","59.40","59.31","59.72","58.92","368.73K","0.22%"
"06/14/2022","59.27","59.35","60.01","58.92","725.64K","0.32%"
"06/13/2022","59.08","59.30","59.62","58.67","535.87K","-1.92%"
"06/10/2022","60.24","61.33","62.20","60.07","183.03K","-2.93%"
"06/09/2022","62.06","62.48","62.91","61.79","287.99K","-1.36%"
"06/08/2022","62.91","62.69","62.95","62.54","458.17K","1.09%"
"06/07/2022","62.23","62.47","62.60","61.82","273.12K","-0.68%"
"06/06/2022","62.66","62.65","63.13","62.58","393.67K","0.63%"
"06/01/2022","62.27","62.49","63.11","62.11","484.65K","0.28%"
"05/31/2022","62.10","62.59","62.69","61.96","281.25K","-1.10%"
"05/30/2022","62.78","62.99","63.26","62.62","301.17K","1.06%"
"05/27/2022","62.13","61.04","62.13","60.95","270.07K","1.77%"
"05/26/2022","61.04","60.04","61.18","59.96","294.37K","1.91%"
"05/25/2022","59.90","60.01","60.26","59.54","207.52K","1.57%"
"05/24/2022","58.97","59.17","59.96","58.77","412.75K","-1.66%"
"05/23/2022","59.97","59.78","59.97","59.07","592.06K","1.67%"
"05/20/2022","58.98","59.68","60.16","58.81","185.19K","-0.81%"
"05/19/2022","59.47","60.24","60.44","59.00","249.38K","-2.32%"
"05/18/2022","60.88","62.19","62.52","60.83","172.76K","-1.54%"
"05/17/2022","61.83","61.76","62.27","61.46","262.34K","-0.30%"
"05/16/2022","62.01","62.02","62.40","61.75","757.18K","-0.65%"
"05/13/2022","62.42","61.58","62.62","61.44","659.92K","2.37%"
"05/12/2022","60.98","60.91","61.51","60.26","264.75K","-1.72%"
"05/11/2022","62.04","61.76","62.30","61.00","561.08K","1.03%"
"05/10/2022","61.42","61.97","62.66","61.24","844.86K","-0.67%"
"05/09/2022","61.83","63.23","63.36","61.76","762.72K","-2.35%"
"05/06/2022","63.32","63.93","63.93","62.57","169.97K","-0.96%"
"05/05/2022","63.93","64.87","65.60","63.66","330.69K","1.44%"
"05/04/2022","63.03","63.53","63.65","62.97","281.52K","-0.86%"
"05/03/2022","63.57","63.04","63.59","62.69","462.90K","-0.40%"
"04/29/2022","63.83","64.70","64.72","63.47","150.22K","-0.79%"
"04/28/2022","64.33","64.04","64.77","63.91","289.69K","0.73%"
"04/27/2022","63.87","63.36","63.87","63.00","492.87K","0.83%"
"04/26/2022","63.35","63.96","64.08","63.27","310.94K","0.54%"
"04/25/2022","63.00","62.90","63.46","62.73","185.45K","-1.53%"
"04/22/2022","63.98","64.23","64.70","63.92","130.16K","-1.62%"
"04/21/2022","65.04","64.89","65.51","64.88","132.78K","0.11%"
"04/20/2022","64.97","64.71","65.22","64.66","114.26K","0.17%"
"04/19/2022","64.86","64.22","65.00","63.68","206.62K","0.77%"
"04/14/2022","64.36","64.24","64.67","64.07","131.66K","0.06%"
"04/13/2022","64.32","64.55","64.70","64.02","221.00K","-0.81%"
"04/12/2022","64.85","64.13","65.00","63.94","125.83K","0.48%"
"04/11/2022","64.54","65.17","65.43","64.39","272.38K","-1.74%"
"04/08/2022","65.68","65.64","65.81","65.25","177.59K","1.44%"
"04/07/2022","64.75","64.92","65.27","64.70","297.58K","-0.04%"
"04/06/2022","64.78","65.78","65.79","64.64","246.59K","-1.83%"
"04/05/2022","65.98","66.08","66.30","65.71","226.46K","0.02%"
"04/04/2022","65.96","65.72","66.04","65.47","313.90K","0.74%"
"04/01/2022","65.48","65.77","66.06","65.43","416.09K","-1.11%"
"03/31/2022","66.21","66.57","66.67","66.16","366.17K","-0.25%"
"03/30/2022","66.38","66.83","66.87","66.03","365.17K","-0.20%"
"03/29/2022","66.51","66.32","66.80","66.06","530.71K","1.38%"
"03/28/2022","65.61","65.15","65.98","65.11","518.75K","1.10%"
"03/25/2022","64.89","65.03","65.22","64.64","358.38K","0.63%"
"03/24/2022","64.49","64.27","64.76","63.81","291.53K","0.10%"
"03/23/2022","64.42","64.48","64.64","64.26","348.62K","0.10%"
"03/22/2022","64.36","64.38","64.58","63.90","306.23K","0.61%"
"03/21/2022","63.97","64.06","64.49","63.81","406.27K","0.44%"
"03/18/2022","63.69","63.36","63.74","63.10","225.67K","1.00%"
"03/17/2022","63.06","62.72","63.25","62.26","270.28K","0.39%"
"03/16/2022","62.81","62.53","63.04","62.38","386.53K","1.68%"
"03/15/2022","61.77","60.66","61.83","60.35","412.57K","1.09%"
"03/14/2022","61.10","61.62","61.98","61.00","221.77K","-1.04%"
"03/11/2022","61.74","61.97","62.89","61.69","242.58K","1.18%"
"03/10/2022","61.03","61.52","61.69","60.90","261.30K","-0.91%"
"03/09/2022","61.58","61.10","61.71","60.81","251.01K","1.98%"
"03/08/2022","60.39","60.37","61.32","60.19","275.27K","-2.13%"
"03/07/2022","61.70","61.33","62.38","61.11","330.62K","-0.07%"
"03/04/2022","61.74","62.01","62.69","61.54","262.58K","-0.63%"
"03/03/2022","62.13","62.16","62.78","61.92","245.14K","-0.29%"
"03/02/2022","62.31","61.46","62.42","61.32","290.83K","1.30%"
"03/01/2022","61.51","62.09","62.49","61.30","282.69K","-0.76%"
"02/28/2022","61.99","61.28","62.11","61.00","328.99K","0.32%"
"02/25/2022","61.79","60.24","61.79","59.92","470.94K","3.83%"
"02/24/2022","59.51","58.27","59.89","58.02","635.33K","-0.81%"
"02/23/2022","60.00","60.38","60.73","59.85","282.95K","-0.69%"
"02/22/2022","60.42","59.72","61.11","59.60","450.61K","0.51%"
"02/21/2022","60.11","61.10","61.30","60.06","338.92K","-1.27%"
"02/18/2022","60.88","61.37","61.55","60.74","295.19K","-1.21%"
"02/17/2022","61.63","62.36","62.46","61.41","154.98K","-0.74%"
"02/16/2022","62.09","62.50","62.77","61.98","212.49K","-0.85%"
"02/15/2022","62.63","61.67","62.75","61.61","244.58K","1.21%"
"02/14/2022","61.88","62.01","62.15","61.22","363.93K","-1.22%"
"02/11/2022","62.64","62.85","63.40","62.60","222.70K","-1.22%"
"02/10/2022","63.42","64.21","64.54","63.41","243.14K","-1.01%"
"02/09/2022","64.06","63.45","64.18","63.41","171.53K","1.50%"
"02/08/2022","63.12","62.88","63.12","62.55","266.87K","0.10%"
"02/07/2022","63.05","63.10","63.44","62.80","302.28K","0.54%"
"02/04/2022","62.72","63.17","63.39","62.40","242.73K","-0.54%"
"02/03/2022","63.06","63.68","63.72","62.69","233.21K","-0.99%"
"02/02/2022","63.68","63.99","64.22","63.41","358.13K","0.43%"
"02/01/2022","63.41","63.46","63.73","63.05","521.75K","0.52%"
"01/31/2022","63.08","62.62","63.20","62.27","362.81K","2.32%"
"01/28/2022","61.65","61.64","61.76","60.50","339.73K","-1.15%"
"01/27/2022","62.37","60.90","62.83","60.86","352.50K","0.51%"
"01/26/2022","62.05","61.34","62.50","61.31","471.59K","2.09%"
"01/25/2022","60.78","61.32","61.81","60.38","582.56K","0.57%"
"01/24/2022","60.44","61.85","62.11","60.10","694.18K","-3.62%"
"01/21/2022","62.71","62.49","63.00","61.86","504.07K","-1.84%"
"01/20/2022","63.88","63.36","63.92","63.13","1.13M","0.57%"
"01/19/2022","63.52","63.50","64.15","63.19","485.14K","-0.76%"
"01/18/2022","64.00","64.47","64.53","63.96","318.52K","-1.26%"
"01/17/2022","64.82","64.59","64.96","64.42","243.77K","0.75%"
"01/14/2022","64.34","64.44","64.65","63.85","359.48K","-1.38%"
"01/13/2022","65.24","65.13","65.73","65.01","288.40K","-0.29%"
"01/12/2022","65.43","65.67","66.00","65.19","335.79K","0.34%"
"01/11/2022","65.21","65.19","65.47","64.70","402.48K","1.23%"
"01/10/2022","64.42","65.42","65.49","64.01","432.37K","-1.44%"
"01/07/2022","65.36","65.86","66.66","65.13","333.53K","-0.76%"
"01/06/2022","65.86","65.99","66.11","65.49","448.94K","-1.53%"
"01/05/2022","66.88","67.07","67.18","66.83","380.01K","-0.37%"
"01/04/2022","67.12","67.57","67.70","66.93","555.30K","0.04%"
"12/31/2021","67.09","67.04","67.26","66.92","75.44K","-0.52%"
"12/30/2021","67.44","67.44","67.63","67.29","237.87K","0.17%"
"12/29/2021","67.32","67.71","67.93","67.14","238.98K","0.35%"
"12/24/2021","67.09","66.67","67.09","66.57","84.88K","0.30%"
"12/23/2021","66.89","66.64","66.96","66.39","250.14K","0.59%"
"12/22/2021","66.50","66.33","66.50","65.91","219.20K","0.94%"
"12/21/2021","65.88","65.90","66.07","65.57","311.62K","1.30%"
"12/20/2021","65.04","65.43","65.69","64.95","354.05K","-1.95%"
"12/17/2021","66.33","66.71","66.71","65.63","207.53K","-0.88%"
"12/16/2021","66.92","67.63","67.84","66.60","291.91K","0.89%"
"12/15/2021","66.33","66.55","66.76","66.29","309.63K","0.04%"
"12/14/2021","66.30","67.35","67.47","66.20","336.89K","-1.26%"
"12/13/2021","67.15","67.79","67.90","67.02","364.27K","-0.07%"
"12/10/2021","67.19","67.16","67.66","67.06","211.01K","-0.53%"
"12/09/2021","67.55","67.60","67.63","67.16","161.18K","0.58%"
"12/08/2021","67.16","67.35","67.79","67.14","565.56K","-0.24%"
"12/07/2021","67.32","66.16","67.42","66.14","372.08K","2.48%"
"12/06/2021","65.69","65.50","65.85","64.94","404.15K","0.81%"
"12/03/2021","65.17","65.58","66.31","64.88","329.63K","0.30%"
"12/02/2021","64.97","64.89","65.25","64.30","418.13K","-1.94%"
"12/01/2021","66.26","65.72","66.34","65.60","367.41K","0.68%"
"11/30/2021","65.81","65.70","66.15","65.23","320.00K","-0.67%"
"11/29/2021","66.25","66.07","66.50","65.79","427.39K","1.13%"
"11/26/2021","65.51","65.97","66.30","65.34","667.06K","-2.31%"
"11/25/2021","67.06","67.06","67.24","66.96","245.62K","0.43%"
"11/24/2021","66.77","66.54","67.19","66.23","257.42K","0.76%"
"11/23/2021","66.27","66.25","66.72","66.01","267.23K","-1.05%"
"11/22/2021","66.97","66.61","67.19","66.45","462.56K","0.94%"
"11/19/2021","66.35","66.44","66.71","66.07","236.97K","0.35%"
"11/18/2021","66.12","66.02","66.50","65.80","274.90K","0.02%"
"11/17/2021","66.11","66.38","66.48","65.96","296.56K","-0.66%"
"11/16/2021","66.55","66.04","66.57","65.89","240.18K","0.52%"
"11/15/2021","66.20","66.23","66.50","66.14","260.31K","-0.04%"
"11/12/2021","66.23","65.94","66.27","65.72","226.23K","0.28%"
"11/11/2021","66.04","65.96","66.18","65.87","270.96K","0.31%"
"11/10/2021","65.84","65.56","65.98","65.39","303.17K","0.37%"
"11/09/2021","65.60","65.65","65.95","65.40","235.79K","-0.32%"
"11/08/2021","65.81","66.00","66.20","65.67","370.84K","-0.58%"
"11/05/2021","66.19","65.71","66.51","65.71","487.71K","0.90%"
"11/04/2021","65.60","64.76","65.79","64.73","386.99K","2.12%"
"11/03/2021","64.24","64.43","64.57","64.12","252.35K","-0.46%"
"11/02/2021","64.53","64.04","64.57","64.01","423.78K","0.97%"
"11/01/2021","63.91","64.08","64.44","63.55","434.43K","0.41%"
"10/29/2021","63.65","62.97","63.71","62.83","252.13K","1.00%"
"10/28/2021","63.02","62.82","63.14","62.75","441.70K","-0.26%"
"10/27/2021","63.18","63.05","63.29","63.00","309.81K","0.04%"
"10/26/2021","63.16","63.03","63.26","62.87","327.19K","0.62%"
"10/25/2021","62.77","62.67","62.83","62.50","258.13K","0.50%"
"10/22/2021","62.46","62.48","62.74","62.41","218.13K","0.42%"
"10/21/2021","62.20","62.13","62.38","62.03","248.86K","-0.06%"
"10/20/2021","62.23","62.11","62.39","62.09","195.58K","0.41%"
"10/19/2021","61.98","61.91","62.09","61.73","213.64K","0.10%"
"10/18/2021","61.92","61.55","62.00","61.38","336.08K","0.62%"
"10/15/2021","61.54","61.62","61.82","61.36","205.19K","0.30%"
"10/14/2021","61.35","61.01","61.37","60.65","285.79K","1.70%"
"10/13/2021","60.33","60.50","60.88","60.19","210.10K","-0.73%"
"10/12/2021","60.77","60.34","60.96","60.13","308.11K","-0.95%"
"10/11/2021","61.35","60.74","61.44","60.70","173.60K","0.25%"
"10/08/2021","61.21","61.39","61.64","61.05","133.88K","-0.51%"
"10/07/2021","61.52","61.17","61.69","60.95","301.12K","2.15%"
"10/06/2021","60.22","60.29","60.45","59.86","179.75K","-0.63%"
"10/05/2021","60.60","59.95","60.73","59.80","223.68K","1.50%"
"10/04/2021","59.71","60.63","60.81","59.66","621.22K","-1.25%"
"10/01/2021","60.46","60.27","60.81","59.95","341.84K","-1.10%"
"09/30/2021","61.14","61.91","62.09","61.14","321.92K","-0.82%"
"09/29/2021","61.64","61.30","61.89","61.26","313.14K","1.00%"
"09/28/2021","61.03","61.33","61.79","60.97","300.73K","-0.74%"
"09/27/2021","61.49","62.02","62.07","61.35","234.69K","-0.09%"
"09/24/2021","61.55","61.33","61.79","61.19","226.94K","0.19%"
"09/23/2021","61.43","61.29","61.55","60.92","212.91K","0.59%"
"09/22/2021","61.07","60.77","61.10","60.61","219.52K","0.58%"
"09/21/2021","60.72","60.72","60.99","60.37","285.58K","0.55%"
"09/20/2021","60.39","60.73","60.93","60.31","459.17K","-1.24%"
"09/17/2021","61.15","61.51","61.63","61.10","173.22K","-0.08%"
"09/16/2021","61.20","61.42","61.60","61.14","261.81K","0.07%"
"09/15/2021","61.16","61.19","61.37","60.95","195.37K","-0.07%"
"09/14/2021","61.20","61.30","61.49","61.01","184.97K","-0.13%"
"09/13/2021","61.28","61.62","61.72","61.10","214.42K","-0.39%"
"09/10/2021","61.52","61.76","61.98","61.40","188.70K","-0.66%"
"09/09/2021","61.93","62.02","62.19","61.87","244.27K","-0.42%"
"09/08/2021","62.19","62.37","62.46","62.10","345.37K","-0.10%"
"09/07/2021","62.25","62.37","62.63","62.19","239.55K","-0.40%"
"09/06/2021","62.50","62.32","62.55","62.22","289.13K","0.61%"
"09/03/2021","62.12","62.63","62.63","62.02","216.73K","-0.45%"
"09/02/2021","62.40","62.39","62.60","62.30","245.75K","-0.02%"
"09/01/2021","62.41","62.70","62.77","62.28","280.68K","-0.19%"
"08/31/2021","62.53","62.56","62.79","62.22","393.23K","0.61%"
"08/27/2021","62.15","62.10","62.29","61.88","295.97K","0.26%"
"08/26/2021","61.99","62.03","62.24","61.88","282.23K","-0.34%"
"08/25/2021","62.20","62.14","62.25","62.02","225.79K","0.19%"
"08/24/2021","62.08","62.12","62.29","62.01","306.98K","0.02%"
"08/23/2021","62.07","61.99","62.20","61.74","336.92K","0.42%"
"08/20/2021","61.81","61.27","61.87","61.00","264.15K","1.18%"
"08/19/2021","61.09","60.49","61.20","60.41","843.97K","-0.36%"
"08/18/2021","61.31","61.49","61.59","61.15","311.89K","-0.29%"
"08/17/2021","61.49","61.39","61.58","61.25","299.63K","0.79%"
"08/16/2021","61.01","61.08","61.15","60.78","359.64K","-0.26%"
"08/13/2021","61.17","61.32","61.49","61.12","205.37K","0.23%"
"08/12/2021","61.03","60.87","61.04","60.80","228.46K","0.39%"
"08/11/2021","60.79","60.85","60.96","60.73","222.04K","-0.05%"
"08/10/2021","60.82","60.69","60.94","60.62","206.23K","0.26%"
"08/09/2021","60.66","60.50","60.76","60.45","232.69K","-0.03%"
"08/06/2021","60.68","60.31","60.70","60.27","162.73K","0.78%"
"08/05/2021","60.21","60.08","60.30","60.00","347.93K","0.18%"
"08/04/2021","60.10","60.17","60.30","59.90","246.62K","0.18%"
"08/03/2021","59.99","60.05","60.16","59.71","194.97K","-0.45%"
"08/02/2021","60.26","60.26","60.49","60.03","304.17K","0.42%"
"07/30/2021","60.01","59.60","60.08","59.47","217.06K","-0.08%"
"07/29/2021","60.06","59.99","60.23","59.83","214.48K","-0.22%"
"07/28/2021","60.19","60.16","60.38","60.01","143.32K","0.50%"
"07/27/2021","59.89","60.60","60.78","59.89","429.00K","-1.16%"
"07/26/2021","60.59","60.66","60.75","60.44","444.60K","-0.21%"
"07/23/2021","60.72","60.43","60.77","60.36","167.09K","0.96%"
"07/22/2021","60.14","60.27","60.45","59.95","208.45K","-0.20%"
"07/21/2021","60.26","60.27","60.55","60.20","292.64K","0.18%"
"07/20/2021","60.15","59.53","60.25","59.31","289.07K","1.79%"
"07/19/2021","59.09","59.54","59.70","58.74","536.33K","-1.14%"
"07/16/2021","59.77","59.90","60.09","59.66","272.03K","0.08%"
"07/15/2021","59.72","59.80","60.05","59.52","616.86K","-0.20%"
"07/14/2021","59.84","59.70","60.02","59.51","358.57K","-0.53%"
"07/13/2021","60.16","59.87","60.19","59.82","190.35K","0.64%"
"07/12/2021","59.78","59.58","59.86","59.43","264.57K","-0.03%"
"07/09/2021","59.80","59.60","59.89","59.40","203.40K","0.64%"
"07/08/2021","59.42","59.70","59.79","59.05","416.93K","-0.75%"
"07/07/2021","59.87","59.64","59.90","59.60","126.80K","0.71%"
"07/06/2021","59.45","59.38","59.73","59.32","247.61K","-0.29%"
"07/05/2021","59.62","59.50","59.67","59.45","262.83K","0.03%"
"07/02/2021","59.60","59.57","59.98","59.48","169.39K","0.51%"
"07/01/2021","59.30","59.09","59.35","58.97","200.06K","0.63%"
"06/30/2021","58.93","58.84","59.04","58.60","239.83K","0.14%"
"06/29/2021","58.85","58.57","58.98","58.53","220.28K","0.77%"
"06/28/2021","58.40","58.33","58.50","58.26","182.92K","0.15%"
"06/25/2021","58.31","58.10","58.33","58.10","178.82K","0.31%"
"06/24/2021","58.13","57.73","58.30","57.68","209.18K","0.87%"
"06/23/2021","57.63","57.76","57.91","57.50","419.30K","-0.17%"
"06/22/2021","57.73","57.66","57.76","57.53","551.48K","0.54%"
"06/21/2021","57.42","57.03","57.51","56.98","214.16K","0.10%"
"06/18/2021","57.36","57.77","57.87","57.20","274.94K","-0.21%"
"06/17/2021","57.48","56.97","57.50","56.94","223.32K","0.44%"
"06/16/2021","57.23","57.20","57.39","57.09","173.58K","0.03%"
"06/15/2021","57.21","57.46","57.68","57.20","224.61K","0.26%"
"06/14/2021","57.06","57.26","57.40","57.02","186.87K","0.00%"
"06/11/2021","57.06","56.84","57.18","56.80","195.90K","0.30%"
"06/10/2021","56.89","56.87","57.09","56.71","208.32K","-0.09%"
"06/09/2021","56.94","56.66","57.01","56.61","359.46K","0.58%"
"06/08/2021","56.61","56.76","56.93","56.53","152.74K","0.14%"
"06/07/2021","56.53","56.78","56.93","56.51","187.08K","-0.14%"
"06/04/2021","56.61","56.49","56.65","56.31","161.45K","0.07%"
"06/03/2021","56.57","56.47","56.60","55.85","199.00K","0.16%"
"06/02/2021","56.48","56.39","56.57","56.33","193.18K","0.12%"
"06/01/2021","56.41","56.20","56.73","56.14","259.49K","0.04%"
"05/28/2021","56.39","56.36","56.62","56.32","155.42K","0.14%"
"05/27/2021","56.31","56.31","56.48","56.08","150.59K","-0.19%"
"05/26/2021","56.42","56.44","56.58","56.22","153.29K","0.12%"
"05/25/2021","56.35","56.36","56.71","56.28","213.93K","-0.04%"
"05/24/2021","56.37","55.95","56.38","55.91","214.16K","0.84%"
"05/21/2021","55.90","55.82","56.15","55.63","195.84K","0.36%"
"05/20/2021","55.70","55.27","55.71","55.01","185.57K","1.75%"
"05/19/2021","54.74","55.01","55.07","54.44","250.13K","-1.65%"
"05/18/2021","55.66","55.95","55.99","55.55","249.92K","-0.25%"
"05/17/2021","55.80","56.11","56.19","55.79","202.57K","-0.53%"
"05/14/2021","56.10","55.84","56.15","55.69","374.13K","0.94%"
"05/13/2021","55.58","54.96","55.80","54.59","397.18K","0.76%"
"05/12/2021","55.16","55.58","55.74","55.16","305.19K","-0.83%"
"05/11/2021","55.62","56.14","56.23","55.19","520.47K","-2.08%"
"05/10/2021","56.80","57.14","57.20","56.63","459.64K","-1.10%"
"05/07/2021","57.43","57.37","57.70","57.15","371.49K","0.60%"
"05/06/2021","57.09","56.94","57.10","56.72","263.44K","0.12%"
"05/05/2021","57.02","56.90","57.19","56.81","324.63K","0.72%"
"05/04/2021","56.61","57.21","57.41","56.47","494.99K","-1.43%"
"04/30/2021","57.43","57.22","57.50","57.06","374.73K","0.72%"
"04/29/2021","57.02","57.19","57.45","56.96","313.94K","-0.19%"
"04/28/2021","57.13","57.34","57.38","57.10","323.58K","0.19%"
"04/27/2021","57.02","57.30","57.40","56.94","402.35K","-0.44%"
"04/26/2021","57.27","57.04","57.30","56.87","319.32K","0.09%"
"04/23/2021","57.22","56.64","57.22","56.53","308.07K","0.09%"
"04/22/2021","57.17","56.74","57.22","56.70","398.08K","1.10%"
"04/21/2021","56.55","56.27","56.59","56.19","279.43K","0.87%"
"04/20/2021","56.06","56.47","56.57","56.06","367.35K","-0.76%"
"04/19/2021","56.49","57.19","57.29","56.39","591.30K","-1.41%"
"04/16/2021","57.30","57.54","57.60","57.30","315.79K","0.12%"
"04/15/2021","57.23","56.98","57.34","56.94","397.56K","0.47%"
"04/14/2021","56.96","56.95","57.20","56.92","518.62K","-0.18%"
"04/13/2021","57.06","56.95","57.19","56.78","521.82K","0.32%"
"04/12/2021","56.88","56.98","57.00","56.75","571.77K","0.34%"
"04/09/2021","56.69","56.84","56.85","56.54","423.89K","0.35%"
"04/08/2021","56.49","56.41","56.56","56.25","786.15K","0.68%"
"04/07/2021","56.11","56.05","56.32","55.80","394.21K","0.39%"
"04/06/2021","55.89","55.57","55.93","55.37","652.57K","1.78%"
"04/01/2021","54.91","54.89","55.03","54.78","404.24K","0.27%"
"03/31/2021","54.76","54.56","54.81","54.38","339.38K","0.11%"
"03/30/2021","54.70","54.69","54.79","54.50","523.96K","0.59%"
"03/29/2021","54.38","54.43","54.51","54.12","463.12K","0.41%"
"03/26/2021","54.16","54.05","54.16","53.86","381.10K","0.80%"
"03/25/2021","53.73","53.95","54.15","53.20","376.46K","-1.09%"
"03/24/2021","54.32","54.10","54.45","54.00","388.21K","0.30%"
"03/23/2021","54.16","53.84","54.28","53.77","311.32K","0.45%"
"03/22/2021","53.92","53.38","53.97","53.35","270.44K","0.69%"
"03/19/2021","53.55","53.37","53.66","53.20","285.67K","-0.59%"
"03/18/2021","53.87","53.81","53.95","53.51","362.20K","-0.30%"
"03/17/2021","54.03","54.10","54.29","53.87","359.88K","-0.50%"
"03/16/2021","54.30","54.58","54.63","54.26","300.56K","0.65%"
"03/15/2021","53.95","53.87","54.02","53.78","504.76K","0.52%"
"03/12/2021","53.67","53.55","53.82","53.35","430.02K","-0.24%"
"03/11/2021","53.80","53.48","53.80","53.30","333.72K","0.75%"
"03/10/2021","53.40","52.94","53.45","52.94","313.61K","0.30%"
"03/09/2021","53.24","52.74","53.26","52.69","328.01K","0.08%"
"03/08/2021","53.20","52.52","53.34","52.23","304.66K","3.28%"
"03/05/2021","51.51","51.49","52.33","51.32","377.88K","-0.85%"
"03/04/2021","51.95","51.91","52.18","51.55","307.86K","-1.12%"
"03/03/2021","52.54","52.90","53.07","52.30","351.59K","-0.55%"
"03/02/2021","52.83","53.10","53.29","52.76","473.02K","-0.43%"
"03/01/2021","53.06","52.40","53.14","52.31","267.06K","1.47%"
"02/26/2021","52.29","52.20","52.48","51.58","392.87K","-0.08%"
"02/25/2021","52.33","52.76","52.79","52.15","317.74K","-0.49%"
"02/24/2021","52.59","51.86","52.64","51.81","408.60K","1.33%"
"02/23/2021","51.90","52.53","52.55","51.45","360.03K","-1.12%"
"02/22/2021","52.49","52.65","52.67","52.38","279.68K","-1.39%"
"02/19/2021","53.23","53.11","53.35","53.05","239.86K","0.32%"
"02/18/2021","53.06","53.66","53.72","52.95","309.01K","-1.01%"
"02/17/2021","53.60","53.78","53.89","53.50","258.41K","-0.17%"
"02/16/2021","53.69","54.02","54.09","53.65","427.22K","-0.54%"
"02/15/2021","53.98","53.95","54.04","53.88","258.70K","0.37%"
"02/12/2021","53.78","53.77","53.89","53.68","272.37K","-0.11%"
"02/11/2021","53.84","53.70","53.94","53.69","427.39K","0.50%"
"02/10/2021","53.57","53.89","53.94","53.24","414.16K","-0.39%"
"02/09/2021","53.78","53.93","54.00","53.72","281.40K","-0.19%"
"02/08/2021","53.88","53.89","54.12","53.83","393.18K","0.35%"
"02/05/2021","53.69","53.81","54.01","53.55","343.54K","0.26%"
"02/04/2021","53.55","53.44","53.66","53.17","358.97K","0.60%"
"02/03/2021","53.23","53.40","53.49","53.06","374.71K","-0.22%"
"02/02/2021","53.35","52.57","53.44","52.50","510.23K","2.28%"
"02/01/2021","52.16","51.63","52.16","51.53","434.56K","1.03%"
"01/29/2021","51.63","51.79","52.26","51.63","432.26K","-1.97%"
"01/28/2021","52.67","51.92","52.85","51.63","270.51K","0.44%"
"01/27/2021","52.44","53.07","53.23","52.27","402.74K","-1.48%"
"01/26/2021","53.23","53.43","53.57","53.17","265.97K","0.24%"
"01/25/2021","53.10","53.34","53.59","52.75","399.26K","-0.36%"
"01/22/2021","53.29","53.26","53.39","53.03","278.87K","0.02%"
"01/21/2021","53.28","53.52","53.55","53.16","307.51K","-0.17%"
"01/20/2021","53.37","52.80","53.46","52.68","278.63K","1.19%"
"01/19/2021","52.74","52.96","53.00","52.65","212.20K","0.04%"
"01/18/2021","52.72","52.59","52.84","52.59","204.15K","0.09%"
"01/15/2021","52.67","52.52","52.82","52.34","238.19K","-0.40%"
"01/14/2021","52.88","53.03","53.19","52.87","245.41K","-0.23%"
"01/13/2021","53.00","52.80","53.05","52.47","184.53K","0.13%"
"01/12/2021","52.93","53.29","53.37","52.87","324.63K","-1.16%"
"01/11/2021","53.55","53.51","53.66","53.30","424.57K","0.51%"
"01/08/2021","53.28","53.39","53.45","53.08","297.41K","0.21%"
"01/07/2021","53.17","52.72","53.37","52.42","239.06K","0.97%"
"01/06/2021","52.66","51.61","52.78","51.42","437.90K","1.92%"
"01/05/2021","51.67","51.57","51.96","51.48","279.60K","0.00%"
"01/04/2021","51.67","52.30","52.55","51.53","335.53K","-0.31%"
"12/31/2020","51.83","51.82","51.96","51.65","118.81K","-0.58%"
"12/30/2020","52.13","52.38","52.49","52.01","174.19K","-0.69%"
"12/29/2020","52.49","52.72","52.85","52.39","248.24K","1.74%"
"12/24/2020","51.59","51.67","51.80","51.50","107.03K","-0.73%"
"12/23/2020","51.97","52.05","52.29","51.73","210.62K","-0.88%"
"12/22/2020","52.43","51.95","52.58","51.90","168.60K","0.75%"
"12/21/2020","52.04","52.72","52.87","51.65","363.33K","0.21%"
"12/18/2020","51.93","52.10","52.31","51.88","215.13K","0.29%"
"12/17/2020","51.78","51.95","52.12","51.73","235.71K","-0.71%"
"12/16/2020","52.15","52.07","52.25","51.86","305.20K","0.50%"
"12/15/2020","51.89","52.12","53.18","51.75","222.80K","-1.01%"
"12/14/2020","52.42","52.28","52.70","52.10","305.77K","0.04%"
"12/11/2020","52.40","52.51","52.78","52.27","215.39K","-0.30%"
"12/10/2020","52.56","52.42","52.73","52.11","201.55K","0.29%"
"12/09/2020","52.41","52.67","52.72","52.28","377.61K","-0.32%"
"12/08/2020","52.58","52.35","52.64","52.22","265.03K","-0.02%"
"12/07/2020","52.59","52.48","52.87","52.45","464.44K","1.08%"
"12/04/2020","52.03","51.95","52.10","51.58","373.37K","0.44%"
"12/03/2020","51.80","52.02","52.07","51.73","326.30K","-0.69%"
"12/02/2020","52.16","51.87","52.22","51.81","370.44K","0.52%"
"12/01/2020","51.89","51.87","52.30","51.25","451.62K","1.37%"
"11/30/2020","51.19","51.43","51.80","51.19","612.34K","-1.41%"
"11/27/2020","51.92","51.60","51.92","51.55","213.01K","0.37%"
"11/26/2020","51.73","51.68","51.78","51.58","164.89K","0.58%"
"11/25/2020","51.43","51.76","51.83","51.37","188.93K","-0.29%"
"11/24/2020","51.58","51.30","51.61","51.13","304.48K","1.58%"
"11/23/2020","50.78","50.92","51.09","50.55","294.38K","-0.67%"
"11/20/2020","51.12","51.07","51.28","50.97","248.88K","0.04%"
"11/19/2020","51.10","51.20","51.31","50.90","253.75K","-1.03%"
"11/18/2020","51.63","51.48","51.87","51.44","170.69K","-0.23%"
"11/17/2020","51.75","51.98","52.08","51.37","354.08K","-0.77%"
"11/16/2020","52.15","51.93","52.38","51.80","658.69K","1.58%"
"11/13/2020","51.34","51.18","51.46","51.16","239.28K","-0.21%"
"11/12/2020","51.45","51.20","51.59","51.09","494.81K","0.14%"
"11/11/2020","51.38","50.75","51.38","50.69","487.51K","1.22%"
"11/10/2020","50.76","51.15","51.23","50.34","563.49K","-2.68%"
"11/09/2020","52.16","51.23","52.90","51.11","736.96K","3.23%"
"11/06/2020","50.53","50.48","50.89","50.03","442.58K","-0.86%"
"11/05/2020","50.97","50.70","51.12","50.64","388.62K","0.63%"
"11/04/2020","50.65","49.15","50.70","49.05","324.79K","3.09%"
"11/03/2020","49.13","48.73","49.24","48.70","238.86K","0.88%"
"11/02/2020","48.70","48.27","48.99","48.19","260.92K","1.84%"
"10/30/2020","47.82","47.44","48.26","47.44","227.18K","-1.40%"
"10/29/2020","48.50","48.13","48.55","47.84","287.62K","0.56%"
"10/28/2020","48.23","48.98","49.03","47.91","257.68K","-2.23%"
"10/27/2020","49.33","49.95","49.95","49.25","223.56K","0.00%"
"10/26/2020","49.33","49.88","50.11","49.33","176.48K","-1.73%"
"10/23/2020","50.20","50.11","50.37","50.07","166.70K","0.88%"
"10/22/2020","49.76","49.26","49.90","49.26","627.91K","0.24%"
"10/21/2020","49.64","50.51","50.51","49.55","211.99K","-1.47%"
"10/20/2020","50.38","50.52","50.66","50.28","288.08K","-0.63%"
"10/19/2020","50.70","51.20","51.30","50.60","261.94K","-1.32%"
"10/16/2020","51.38","51.23","51.58","51.00","320.43K","1.10%"
"10/15/2020","50.82","50.61","50.89","50.34","199.73K","-0.51%"
"10/14/2020","51.08","51.83","51.91","50.96","358.26K","-0.82%"
"10/13/2020","51.50","51.25","51.62","51.20","341.15K","0.59%"
"10/12/2020","51.20","50.69","51.20","50.62","167.16K","1.29%"
"10/09/2020","50.55","50.58","50.79","50.40","241.13K","0.48%"
"10/08/2020","50.31","50.20","50.57","50.07","170.27K","0.70%"
"10/07/2020","49.96","49.65","50.16","49.56","216.17K","0.26%"
"10/06/2020","49.83","49.69","49.99","49.50","163.06K","0.46%"
"10/05/2020","49.60","49.65","49.69","49.20","245.03K","0.96%"
"10/02/2020","49.13","49.12","49.31","48.63","369.90K","-1.19%"
"10/01/2020","49.72","49.60","50.15","49.50","266.19K","0.38%"
"09/30/2020","49.53","48.89","49.67","48.89","166.25K","0.65%"
"09/29/2020","49.21","49.49","49.56","49.21","180.72K","-0.30%"
"09/28/2020","49.36","49.22","49.42","49.00","241.03K","1.31%"
"09/25/2020","48.72","48.36","48.76","48.03","214.42K","0.95%"
"09/24/2020","48.26","48.14","48.44","47.73","162.04K","-1.89%"
"09/23/2020","49.19","49.65","49.88","49.16","159.69K","0.33%"
"09/22/2020","49.03","48.69","49.19","48.61","311.01K","1.95%"
"09/21/2020","48.09","48.64","48.66","47.98","260.58K","-1.80%"
"09/18/2020","48.97","49.30","49.51","48.97","214.15K","-0.85%"
"09/17/2020","49.39","48.97","49.91","48.90","253.05K","-1.38%"
"09/16/2020","50.08","50.31","50.45","49.81","162.58K","-0.87%"
"09/15/2020","50.52","50.17","50.60","50.04","370.34K","0.74%"
"09/14/2020","50.15","50.13","50.23","49.67","235.64K","0.68%"
"09/11/2020","49.81","49.93","50.24","49.63","320.25K","-0.97%"
"09/10/2020","50.30","49.70","50.42","49.34","407.11K","1.27%"
"09/09/2020","49.67","49.08","49.77","49.07","207.30K","1.20%"
"09/08/2020","49.08","49.75","49.81","48.77","211.41K","-1.03%"
"09/07/2020","49.59","48.94","49.65","48.91","190.91K","2.06%"
"09/04/2020","48.59","49.38","50.05","48.31","371.58K","-2.45%"
"09/03/2020","49.81","51.16","51.30","49.58","358.65K","-1.77%"
"09/02/2020","50.71","50.38","50.80","50.33","389.06K","2.05%"
"09/01/2020","49.69","49.83","49.96","49.38","209.40K","-0.12%"
"08/28/2020","49.75","50.25","50.27","49.67","305.77K","-1.07%"
"08/27/2020","50.29","50.04","50.45","49.90","236.85K","0.92%"
"08/26/2020","49.83","49.79","49.93","49.63","145.65K","0.32%"
"08/25/2020","49.67","50.05","50.14","49.55","226.66K","-0.02%"
"08/24/2020","49.68","49.45","49.77","49.44","270.57K","1.02%"
"08/21/2020","49.18","48.67","49.42","48.58","232.83K","0.88%"
"08/20/2020","48.75","48.85","48.90","48.61","248.38K","-0.41%"
"08/19/2020","48.95","48.66","48.98","48.62","202.91K","0.64%"
"08/18/2020","48.64","48.85","49.00","48.48","284.34K","-0.96%"
"08/17/2020","49.11","48.94","49.15","48.86","171.96K","0.35%"
"08/14/2020","48.94","49.15","49.17","48.68","144.38K","-0.35%"
"08/13/2020","49.11","49.02","49.15","48.84","167.90K","-0.10%"
"08/12/2020","49.16","48.80","49.24","48.77","207.30K","0.31%"
"08/11/2020","49.01","48.93","49.11","48.72","175.54K","0.82%"
"08/10/2020","48.61","48.82","48.95","48.41","333.07K","-0.16%"
"08/07/2020","48.69","48.34","48.80","48.27","151.81K","1.37%"
"08/06/2020","48.03","47.99","48.15","47.71","227.19K","-0.08%"
"08/05/2020","48.07","48.11","48.24","47.78","283.15K","0.19%"
"08/04/2020","47.98","47.92","48.09","47.63","178.65K","0.02%"
"08/03/2020","47.97","47.49","48.10","47.25","172.60K","2.43%"
"07/31/2020","46.83","47.20","47.37","46.60","206.53K","-0.43%"
"07/30/2020","47.03","47.57","47.59","46.60","238.15K","-0.89%"
"07/29/2020","47.45","47.31","47.52","47.16","447.93K","-0.13%"
"07/28/2020","47.51","47.80","47.94","47.31","146.70K","0.06%"
"07/27/2020","47.48","47.71","47.77","47.48","144.31K","-0.69%"
"07/24/2020","47.81","47.84","48.18","47.64","160.80K","-1.91%"
"07/23/2020","48.74","48.96","49.17","48.67","163.57K","0.21%"
"07/22/2020","48.64","48.70","48.84","48.51","388.77K","-0.21%"
"07/21/2020","48.74","48.86","49.05","48.62","240.51K","0.41%"
"07/20/2020","48.54","48.45","48.60","48.28","194.93K","-0.37%"
"07/17/2020","48.72","48.53","48.90","48.45","121.58K","0.95%"
"07/16/2020","48.26","48.60","48.62","48.19","263.10K","-0.47%"
"07/15/2020","48.49","48.41","48.70","48.29","212.50K","1.17%"
"07/14/2020","47.93","48.01","48.09","47.49","128.99K","-1.32%"
"07/13/2020","48.57","48.02","48.62","47.97","177.99K","2.38%"
"07/10/2020","47.44","47.13","47.47","47.09","137.92K","0.91%"
"07/09/2020","47.01","47.55","47.70","46.88","160.03K","-0.80%"
"07/08/2020","47.39","47.57","47.81","47.34","183.13K","-1.06%"
"07/07/2020","47.90","48.16","48.17","47.77","180.76K","-0.81%"
"07/06/2020","48.29","48.10","48.32","48.00","167.47K","1.60%"
"07/03/2020","47.53","47.81","47.90","47.45","112.31K","-0.50%"
"07/02/2020","47.77","47.48","48.04","47.38","248.29K","1.12%"
"07/01/2020","47.24","47.38","47.60","47.06","146.15K","0.19%"
"06/30/2020","47.15","47.18","47.35","46.95","154.13K","0.28%"
"06/29/2020","47.02","46.32","47.03","46.26","265.94K","0.71%"
"06/26/2020","46.69","47.00","47.23","46.44","363.04K","0.52%"
"06/25/2020","46.45","46.43","46.74","46.04","293.45K","-0.36%"
"06/24/2020","46.62","47.46","47.54","46.58","278.62K","-2.16%"
"06/23/2020","47.65","47.56","47.97","47.46","206.58K","0.85%"
"06/22/2020","47.25","47.23","47.42","47.04","245.93K","-1.62%"
"06/19/2020","48.03","47.60","48.29","47.56","357.01K","1.14%"
"06/18/2020","47.49","47.01","47.64","46.93","220.84K","0.53%"
"06/17/2020","47.24","47.23","47.61","47.01","351.70K","0.47%"
"06/16/2020","47.02","46.45","47.39","46.36","402.01K","3.34%"
"06/15/2020","45.50","44.86","45.62","44.67","345.47K","-0.44%"
"06/12/2020","45.70","45.76","46.45","45.45","445.36K","-1.04%"
"06/11/2020","46.18","46.98","47.00","46.18","661.67K","-2.94%"
"06/10/2020","47.58","47.94","48.06","47.45","764.93K","-0.77%"
"06/09/2020","47.95","48.26","48.34","47.75","331.67K","-0.31%"
"06/08/2020","48.10","47.83","48.25","47.74","309.33K","0.21%"
"06/05/2020","48.00","47.13","48.00","47.01","581.62K","2.02%"
"06/04/2020","47.05","47.16","47.35","46.97","250.79K","0.06%"
"06/03/2020","47.02","46.65","47.05","46.59","320.79K","1.34%"
"06/02/2020","46.40","46.28","46.61","46.22","499.72K","-0.09%"
"06/01/2020","46.44","46.89","47.00","46.37","614.84K","0.06%"
"05/29/2020","46.41","46.63","46.90","46.17","215.33K","-1.42%"
"05/28/2020","47.08","47.13","47.29","46.94","700.13K","1.23%"
"05/27/2020","46.51","46.49","46.95","46.12","403.40K","0.50%"
"05/26/2020","46.28","46.72","46.78","46.26","914.59K","1.03%"
"05/22/2020","45.81","45.44","46.03","45.38","777.22K","0.13%"
"05/21/2020","45.75","45.97","46.30","45.70","1.83M","-0.78%"
"05/20/2020","46.11","45.57","46.15","45.55","1.03M","0.44%"
"05/19/2020","45.91","46.12","46.15","45.56","2.12M","-0.15%"
"05/18/2020","45.98","45.30","45.98","44.34","278.45K","3.68%"
"05/15/2020","44.35","44.46","44.60","43.95","201.49K","1.39%"
"05/14/2020","43.74","43.75","43.94","43.09","2.53M","-0.73%"
"05/13/2020","44.06","44.34","44.84","43.91","241.85K","-2.44%"
"05/12/2020","45.16","44.81","45.30","40.00","213.47K","0.51%"
"05/11/2020","44.93","44.94","45.20","44.66","254.90K","0.83%"
"05/07/2020","44.56","43.92","44.66","43.87","209.05K","1.13%"
"05/06/2020","44.06","44.06","44.38","43.84","211.12K","0.00%"
"05/05/2020","44.06","43.52","44.07","43.36","207.64K","2.35%"
"05/04/2020","43.05","42.93","43.13","42.63","372.38K","0.02%"
"05/01/2020","43.04","43.06","43.47","42.88","228.91K","-1.87%"
"04/30/2020","43.86","45.00","45.08","43.84","293.89K","-2.05%"
"04/29/2020","44.78","44.10","44.97","44.00","263.84K","1.89%"
"04/28/2020","43.95","43.88","44.44","43.65","443.51K","0.11%"
"04/27/2020","43.90","43.52","43.90","43.47","414.38K","2.05%"
"04/24/2020","43.02","42.88","43.45","42.77","183.28K","-0.92%"
"04/23/2020","43.42","43.12","43.53","42.87","179.91K","1.16%"
"04/22/2020","42.92","42.63","42.98","42.43","244.77K","1.75%"
"04/21/2020","42.18","42.96","43.05","42.16","244.19K","-3.15%"
"04/20/2020","43.55","43.66","43.71","42.96","291.90K","1.00%"
"04/17/2020","43.12","43.64","44.03","42.96","348.80K","1.17%"
"04/16/2020","42.62","42.65","42.75","41.93","322.54K","1.55%"
"04/15/2020","41.97","42.75","42.82","41.90","293.26K","-1.13%"
"04/14/2020","42.45","42.47","42.81","41.88","422.79K","-0.09%"
"04/09/2020","42.49","42.38","42.80","41.40","569.71K","2.46%"
"04/08/2020","41.47","40.92","41.49","40.64","281.79K","-0.98%"
"04/07/2020","41.88","41.55","42.40","41.34","593.09K","4.08%"
"04/06/2020","40.24","39.00","40.30","39.00","331.32K","4.30%"
"04/03/2020","38.58","38.42","39.24","38.29","274.25K","0.55%"
"04/02/2020","38.37","38.27","38.68","37.35","507.72K","0.16%"
"04/01/2020","38.31","39.00","39.00","37.94","410.14K","-4.75%"
"03/31/2020","40.22","40.59","40.76","39.55","437.56K","1.11%"
"03/30/2020","39.78","39.02","39.80","38.41","336.95K","2.55%"
"03/27/2020","38.79","39.98","40.29","38.75","429.04K","-4.32%"
"03/26/2020","40.54","38.61","40.85","38.30","2.16M","0.00%"
"03/25/2020","40.54","39.88","40.57","38.40","481.31K","2.82%"
"03/24/2020","39.43","38.18","39.47","37.70","332.83K","6.25%"
"03/23/2020","37.11","36.26","39.20","36.02","604.80K","-4.06%"
"03/20/2020","38.68","39.82","40.77","38.17","384.06K","-1.02%"
"03/19/2020","39.08","39.00","40.06","38.03","1.08M","1.53%"
"03/18/2020","38.49","38.88","39.49","37.30","458.36K","-2.53%"
"03/17/2020","39.49","39.99","40.47","37.31","575.26K","1.36%"
"03/16/2020","38.96","38.00","39.69","36.88","787.09K","-0.33%"
"03/13/2020","39.09","39.21","41.03","38.12","679.38K","2.44%"
"03/12/2020","38.16","39.10","39.49","37.53","1.37M","-7.15%"
"03/11/2020","41.10","41.52","41.76","40.72","442.61K","1.48%"
"03/10/2020","40.50","41.08","42.10","40.08","762.09K","-0.39%"
"03/09/2020","40.66","42.00","42.01","39.42","456.49K","-5.71%"
"03/06/2020","43.12","43.86","44.03","42.55","639.70K","-4.92%"
"03/05/2020","45.35","45.65","45.70","44.66","258.68K","-0.26%"
"03/04/2020","45.47","45.29","45.71","45.08","515.00K","0.29%"
"03/03/2020","45.34","45.66","46.71","45.00","448.90K","1.00%"
"03/02/2020","44.89","44.62","45.28","43.30","617.75K","3.41%"
"02/28/2020","43.41","43.20","43.65","42.38","1.04M","-3.77%"
"02/27/2020","45.11","45.55","45.75","44.40","421.68K","-3.32%"
"02/26/2020","46.66","46.15","46.84","45.40","614.81K","0.02%"
"02/25/2020","46.65","47.82","47.84","46.44","727.28K","-2.26%"
"02/24/2020","47.73","48.26","48.33","47.56","981.34K","-2.71%"
"02/21/2020","49.06","49.44","49.50","48.86","202.31K","-0.75%"
"02/20/2020","49.43","49.98","50.15","49.43","250.53K","-0.74%"
"02/19/2020","49.80","49.43","49.85","49.23","188.26K","1.57%"
"02/18/2020","49.03","49.26","49.40","49.03","143.73K","-1.01%"
"02/17/2020","49.53","49.45","49.55","49.38","1.31M","0.45%"
"02/14/2020","49.31","49.30","49.45","49.23","112.24K","0.24%"
"02/13/2020","49.19","49.30","49.42","48.95","162.08K","-0.55%"
"02/12/2020","49.46","49.36","49.53","49.31","722.05K","0.00%"
"02/11/2020","49.46","49.51","49.56","49.32","143.04K","0.67%"
"02/10/2020","49.13","49.13","49.16","48.73","110.78K","-0.08%"
"02/07/2020","49.17","49.12","49.53","48.80","99.76K","0.10%"
"02/06/2020","49.12","49.10","49.21","48.87","181.75K","1.01%"
"02/05/2020","48.63","47.98","48.81","47.98","189.72K","0.89%"
"02/04/2020","48.20","47.98","48.20","47.82","269.69K","1.45%"
"02/03/2020","47.51","46.92","47.70","46.77","146.20K","1.93%"
"01/31/2020","46.61","47.53","47.54","46.65","126.25K","-1.27%"
"01/30/2020","47.21","47.45","47.64","47.04","145.78K","-1.67%"
"01/29/2020","48.01","47.96","48.11","47.77","92.67K","0.17%"
"01/28/2020","47.93","47.55","47.96","47.32","126.43K","1.55%"
"01/27/2020","47.20","47.37","47.48","46.95","150.31K","-1.99%"
"01/24/2020","48.16","48.19","48.44","48.12","83.42K","0.52%"
"01/23/2020","47.91","47.98","48.09","47.84","100.10K","-0.42%"
"01/22/2020","48.11","48.52","48.57","48.08","165.26K","-0.62%"
"01/21/2020","48.41","48.40","48.41","48.14","208.53K","-0.31%"
"01/20/2020","48.56","48.63","48.65","48.49","138.31K","0.29%"
"01/17/2020","48.42","48.20","48.53","48.12","143.62K","0.83%"
"01/16/2020","48.02","48.05","48.17","47.98","123.77K","-0.08%"
"01/15/2020","48.06","47.91","48.11","47.83","130.95K","0.17%"
"01/14/2020","47.98","48.05","48.20","47.88","154.01K","0.10%"
"01/13/2020","47.93","47.82","48.00","47.78","99.61K","0.57%"
"01/10/2020","47.66","47.74","47.88","47.57","148.28K","0.21%"
"01/09/2020","47.56","47.37","47.74","47.29","254.92K","0.98%"
"01/08/2020","47.10","46.61","47.16","46.58","157.43K","0.41%"
"01/07/2020","46.91","46.87","47.00","46.71","109.01K","0.62%"
"01/06/2020","46.62","46.77","46.83","46.33","192.31K","-0.62%"
"01/03/2020","46.91","46.77","47.03","46.58","88.13K","0.32%"
"01/02/2020","46.76","46.55","46.92","46.50","134.73K","0.88%"
"12/31/2019","46.35","46.58","46.67","46.28","44.75K","-0.49%"
"12/30/2019","46.58","46.90","47.03","46.47","105.45K","-0.94%"
"12/27/2019","47.02","47.24","47.35","46.86","151.40K","-0.59%"
"12/24/2019","47.30","47.33","47.45","47.28","63.02K","-0.17%"
"12/23/2019","47.38","46.99","47.50","46.92","151.03K","1.07%"
"12/20/2019","46.88","46.73","46.93","46.59","108.13K","0.47%"
"12/19/2019","46.66","46.23","46.76","46.11","248.97K","0.60%"
"12/18/2019","46.38","46.21","46.44","46.16","137.67K","0.59%"
"12/17/2019","46.11","45.74","46.19","45.69","129.32K","1.36%"
"12/16/2019","45.49","45.06","45.50","45.06","218.11K","1.31%"
"12/13/2019","44.90","44.98","45.29","44.81","333.51K","-1.60%"
"12/12/2019","45.63","45.12","45.87","45.12","97.47K","0.75%"
"12/11/2019","45.29","45.48","45.57","45.26","79.34K","-0.07%"
"12/10/2019","45.32","45.44","45.53","44.97","132.35K","-0.37%"
"12/09/2019","45.49","45.44","45.59","45.38","128.91K","-0.44%"
"12/06/2019","45.69","45.18","45.72","45.15","102.44K","1.49%"
"12/05/2019","45.02","45.14","45.26","44.94","486.09K","-0.53%"
"12/04/2019","45.26","45.13","45.30","45.02","91.72K","0.49%"
"12/03/2019","45.04","45.74","45.76","44.92","203.33K","-1.62%"
"12/02/2019","45.78","46.40","46.54","45.76","243.96K","-1.08%"
"11/29/2019","46.28","46.34","46.48","46.25","86.72K","-0.28%"
"11/28/2019","46.41","46.22","46.43","46.19","76.23K","-0.06%"
"11/27/2019","46.44","46.64","46.65","46.38","170.15K","-0.02%"
"11/26/2019","46.45","46.28","46.47","46.21","138.83K","0.72%"
"11/25/2019","46.12","46.07","46.15","46.03","157.58K","0.30%"
"11/22/2019","45.98","45.74","46.07","45.73","60.88K","0.70%"
"11/21/2019","45.66","45.58","45.70","45.50","126.07K","-0.39%"
"11/20/2019","45.84","45.80","45.91","45.73","88.19K","0.00%"
"11/19/2019","45.84","45.84","46.05","45.73","87.45K","0.28%"
"11/18/2019","45.71","45.89","45.89","45.64","116.59K","-0.41%"
"11/15/2019","45.90","45.87","45.90","45.70","108.61K","0.57%"
"11/14/2019","45.64","45.76","45.82","45.67","164.12K","-0.11%"
"11/13/2019","45.69","45.66","45.76","45.49","80.06K","-0.35%"
"11/12/2019","45.85","45.72","45.92","45.68","120.79K","0.75%"
"11/11/2019","45.51","45.71","45.78","45.39","148.42K","-0.59%"
"11/08/2019","45.78","45.70","45.82","45.57","211.45K","-0.13%"
"11/07/2019","45.84","45.66","45.90","45.59","249.36K","1.06%"
"11/06/2019","45.36","45.31","45.38","45.26","193.74K","-0.13%"
"11/05/2019","45.42","45.38","45.49","45.30","292.03K","0.26%"
"11/04/2019","45.30","45.11","45.39","45.00","140.74K","0.87%"
"11/01/2019","44.91","44.56","44.92","44.53","108.49K","0.99%"
"10/31/2019","44.47","44.77","44.78","44.40","82.86K","-0.71%"
"10/30/2019","44.79","44.72","44.83","44.68","103.31K","-0.16%"
"10/29/2019","44.86","44.92","44.99","44.73","153.67K","-0.02%"
"10/28/2019","44.87","44.71","44.95","44.70","111.00K","0.29%"
"10/25/2019","44.74","44.43","44.78","44.41","78.71K","0.38%"
"10/24/2019","44.57","44.16","44.57","44.11","88.91K","0.84%"
"10/23/2019","44.20","44.13","44.23","44.05","94.08K","0.18%"
"10/22/2019","44.12","44.03","44.33","44.00","155.03K","0.46%"
"10/21/2019","43.92","43.88","44.00","43.72","111.18K","-0.52%"
"10/18/2019","44.15","44.15","44.24","43.97","74.74K","-0.14%"
"10/17/2019","44.21","44.40","44.57","44.00","143.66K","0.00%"
"10/16/2019","44.21","44.55","44.75","44.12","182.91K","-1.01%"
"10/15/2019","44.66","44.70","44.84","44.48","216.97K","-0.27%"
"10/14/2019","44.78","44.90","44.92","44.52","96.09K","0.11%"
"10/11/2019","44.73","44.99","45.28","44.53","223.84K","-1.39%"
"10/10/2019","45.36","45.24","45.60","45.11","160.91K","0.27%"
"10/09/2019","45.24","45.04","45.36","44.87","122.05K","0.31%"
"10/08/2019","45.10","45.52","45.52","45.02","200.88K","-0.86%"
"10/07/2019","45.49","45.14","45.49","45.14","166.31K","0.51%"
"10/04/2019","45.26","44.68","45.32","44.57","257.09K","2.42%"
"10/03/2019","44.19","44.69","44.71","43.66","153.91K","-0.61%"
"10/02/2019","44.46","45.53","45.54","44.46","252.13K","-3.01%"
"10/01/2019","45.84","46.20","46.47","45.83","134.08K","-0.22%"
"09/30/2019","45.94","45.86","45.92","45.69","115.80K","-0.07%"
"09/27/2019","45.97","45.95","46.16","45.74","219.67K","0.88%"
"09/26/2019","45.57","45.72","46.09","45.49","140.80K","-0.44%"
"09/25/2019","45.77","45.34","45.77","45.27","117.12K","0.11%"
"09/24/2019","45.72","45.93","46.06","45.64","109.40K","-0.26%"
"09/23/2019","45.84","45.89","45.98","45.64","159.79K","-0.07%"
"09/20/2019","45.87","45.59","46.04","45.54","151.65K","-0.41%"
"09/19/2019","46.06","45.67","46.08","45.67","108.53K","0.85%"
"09/18/2019","45.67","45.73","45.93","45.67","85.70K","-0.17%"
"09/17/2019","45.75","45.88","46.07","45.67","149.68K","-0.50%"
"09/16/2019","45.98","45.73","46.01","45.66","300.64K","-0.17%"
"09/13/2019","46.06","46.28","46.33","46.04","220.10K","-0.88%"
"09/12/2019","46.47","46.44","46.63","46.30","193.60K","0.78%"
"09/11/2019","46.11","45.90","46.12","45.79","87.17K","1.16%"
"09/10/2019","45.58","45.79","45.92","45.50","143.44K","-0.83%"
"09/09/2019","45.96","46.34","46.44","45.86","249.68K","-0.28%"
"09/06/2019","46.09","46.01","46.18","45.90","187.07K","0.28%"
"09/05/2019","45.96","46.05","46.10","45.66","245.53K","0.50%"
"09/04/2019","45.73","45.94","45.98","45.62","72.01K","0.09%"
"09/03/2019","45.69","46.09","46.19","45.59","251.44K","-0.57%"
"09/02/2019","45.95","45.53","46.10","45.53","158.62K","0.92%"
"08/30/2019","45.53","45.73","46.02","45.47","278.05K","-0.13%"
"08/29/2019","45.59","44.95","45.60","44.95","235.52K","1.67%"
"08/28/2019","44.84","44.53","44.89","44.38","191.06K","0.83%"
"08/27/2019","44.47","44.77","44.86","44.48","242.28K","-0.34%"
"08/23/2019","44.62","45.69","45.74","44.50","145.49K","-1.37%"
"08/22/2019","45.24","45.88","46.01","45.06","233.85K","-1.24%"
"08/21/2019","45.81","45.54","45.88","45.54","197.88K","0.33%"
"08/20/2019","45.66","45.94","46.06","45.42","182.05K","-0.37%"
"08/19/2019","45.83","45.58","45.96","45.58","259.91K","1.48%"
"08/16/2019","45.16","44.89","45.26","44.79","240.72K","1.07%"
"08/15/2019","44.68","45.09","45.11","44.23","304.16K","-0.93%"
"08/14/2019","45.10","46.13","46.16","44.98","236.36K","-1.94%"
"08/13/2019","45.99","45.31","46.26","45.11","383.08K","1.10%"
"08/12/2019","45.49","46.16","46.20","45.44","245.15K","-0.26%"
"08/09/2019","45.61","45.86","46.19","45.63","426.82K","-0.24%"
"08/08/2019","45.72","45.22","45.72","44.98","326.65K","2.42%"
"08/07/2019","44.64","44.90","45.22","44.16","384.18K","0.22%"
"08/06/2019","44.54","44.33","44.84","44.20","571.42K","-0.62%"
"08/05/2019","44.82","45.50","45.56","44.64","486.00K","-2.10%"
"08/02/2019","45.78","46.19","46.29","45.65","1.12M","-2.78%"
"08/01/2019","47.09","46.58","47.10","46.52","163.01K","0.56%"
"07/31/2019","46.83","47.07","47.14","46.69","209.97K","-0.49%"
"07/30/2019","47.06","47.25","47.28","46.77","137.32K","0.34%"
"07/29/2019","46.90","46.38","46.94","46.36","1.51M","1.32%"
"07/26/2019","46.29","45.98","46.25","45.94","118.88K","1.20%"
"07/25/2019","45.74","45.98","46.02","45.62","247.52K","0.24%"
"07/24/2019","45.63","45.80","45.80","45.47","286.23K","0.00%"
"07/23/2019","45.63","45.55","45.76","45.55","149.41K","0.80%"
"07/22/2019","45.27","45.20","45.45","45.18","204.84K","-0.48%"
"07/19/2019","45.49","45.48","45.58","45.34","198.87K","0.49%"
"07/18/2019","45.27","45.38","45.43","45.23","233.87K","-0.98%"
"07/17/2019","45.72","46.06","46.08","45.64","232.24K","-0.74%"
"07/16/2019","46.06","45.78","46.14","45.76","163.62K","0.90%"
"07/15/2019","45.65","45.52","45.74","45.51","151.38K","0.48%"
"07/12/2019","45.43","45.43","45.58","45.37","104.84K","0.13%"
"07/11/2019","45.37","45.46","45.46","45.27","146.53K","0.02%"
"07/10/2019","45.36","45.27","45.59","45.11","165.58K","0.20%"
"07/09/2019","45.27","45.05","45.30","45.00","64.00K","0.35%"
"07/08/2019","45.11","45.15","45.23","45.08","104.32K","-0.15%"
"07/05/2019","45.18","45.24","45.29","45.06","172.69K","-0.11%"
"07/04/2019","45.23","45.20","45.26","45.13","105.69K","0.36%"
"07/03/2019","45.07","44.88","45.12","44.88","229.89K","0.94%"
"07/02/2019","44.65","44.54","44.70","44.43","228.38K","0.40%"
"07/01/2019","44.47","44.52","44.65","44.42","259.66K","1.60%"
"06/28/2019","43.77","43.84","43.93","43.66","272.88K","0.23%"
"06/27/2019","43.67","43.73","43.79","43.49","231.40K","-0.48%"
"06/26/2019","43.88","43.89","44.04","43.78","227.75K","-0.07%"
"06/25/2019","43.91","43.81","44.12","43.80","118.65K","-0.57%"
"06/24/2019","44.16","44.13","44.24","44.04","216.32K","-0.52%"
"06/21/2019","44.39","44.26","44.44","44.22","221.45K","0.61%"
"06/20/2019","44.12","44.15","44.45","44.08","244.78K","0.34%"
"06/19/2019","43.97","44.31","44.34","43.94","227.76K","-0.83%"
"06/18/2019","44.34","43.87","44.50","43.80","251.77K","1.14%"
"06/17/2019","43.84","43.77","43.92","43.65","129.29K","0.60%"
"06/14/2019","43.58","43.40","43.62","43.34","155.02K","0.60%"
"06/13/2019","43.32","43.22","43.46","43.19","150.54K","0.60%"
"06/12/2019","43.06","43.04","43.15","42.94","167.93K","-0.49%"
"06/11/2019","43.27","43.62","43.62","43.29","165.51K","-0.51%"
"06/10/2019","43.49","43.17","43.50","43.12","214.58K","1.26%"
"06/07/2019","42.95","42.65","43.03","42.47","193.46K","1.23%"
"06/06/2019","42.43","42.41","42.56","42.20","198.31K","0.69%"
"06/05/2019","42.14","42.06","42.27","41.89","167.00K","0.77%"
"06/04/2019","41.82","41.25","41.83","41.21","372.22K","0.72%"
"06/03/2019","41.52","41.26","41.57","41.06","249.35K","-0.48%"
"05/31/2019","41.72","41.73","41.79","41.50","269.82K","-0.78%"
"05/30/2019","42.05","41.96","42.23","41.94","152.54K","0.48%"
"05/29/2019","41.85","41.91","41.99","41.77","214.31K","-1.34%"
"05/28/2019","42.42","42.51","42.61","42.37","220.45K","0.19%"
"05/24/2019","42.34","42.47","42.60","42.24","235.60K","0.02%"
"05/23/2019","42.33","42.79","42.81","42.27","186.15K","-1.54%"
"05/22/2019","42.99","42.89","43.09","42.76","216.44K","0.77%"
"05/21/2019","42.66","42.69","42.83","42.57","205.09K","0.33%"
"05/20/2019","42.52","42.79","42.83","42.31","295.36K","-1.09%"
"05/17/2019","42.99","42.67","43.07","42.50","139.22K","0.19%"
"05/16/2019","42.91","42.12","42.91","42.10","265.54K","1.95%"
"05/15/2019","42.09","41.90","42.09","41.60","215.11K","0.67%"
"05/14/2019","41.81","41.37","41.84","41.33","229.52K","1.33%"