"Date","Price","Open","High","Low","Vol.","Change %"
"09/15/2026","141.56","141.72","142.16","141.26","379.81K","-0.55%"
"09/14/2026","142.34","142.14","142.42","141.88","521.22K","-0.61%"
"09/11/2026","143.22","142.38","143.36","142.36","296.98K","0.86%"
"09/10/2026","142.00","142.98","143.04","141.72","339.46K","-0.48%"
"09/09/2026","142.68","143.50","143.66","142.50","337.20K","-0.86%"
"09/08/2026","143.92","143.90","144.10","143.56","313.01K","-0.11%"
"09/07/2026","144.08","144.42","144.54","144.00","354.30K","-0.12%"
"09/04/2026","144.26","144.30","144.66","144.22","366.43K","-0.01%"
"09/03/2026","144.28","143.34","144.28","143.22","363.50K","0.71%"
"09/02/2026","143.26","142.70","143.32","142.00","417.94K","0.36%"
"09/01/2026","142.74","143.48","143.68","142.32","834.68K","-0.12%"
"08/31/2026","142.91","142.91","142.91","142.91","0.28K","-0.91%"
"08/28/2026","144.22","143.72","144.32","143.58","382.66K","0.63%"
"08/27/2026","143.32","143.26","143.52","142.86","372.14K","0.39%"
"08/26/2026","142.76","142.56","143.04","142.38","390.39K","0.30%"
"08/25/2026","142.34","142.30","142.56","141.96","417.02K","0.47%"
"08/24/2026","141.68","141.78","142.10","141.44","586.93K","-0.48%"
"08/21/2026","142.36","141.84","142.38","141.78","466.29K","0.34%"
"08/20/2026","141.88","142.74","142.84","141.44","395.12K","-0.57%"
"08/19/2026","142.70","142.58","143.06","142.34","457.19K","-0.04%"
"08/18/2026","142.76","143.66","143.74","142.68","530.39K","-1.18%"
"08/17/2026","144.46","144.78","144.90","144.34","516.62K","0.08%"
"08/14/2026","144.34","145.12","145.38","144.32","450.64K","-0.43%"
"08/13/2026","144.96","144.62","145.38","144.54","374.68K","0.51%"
"08/12/2026","144.22","143.96","144.46","143.90","367.09K","0.21%"
"08/11/2026","143.92","143.96","144.46","143.84","381.17K","0.07%"
"08/10/2026","143.82","144.28","144.42","143.82","521.21K","-0.26%"
"08/07/2026","144.20","143.76","144.44","143.70","366.58K","0.33%"
"08/06/2026","143.72","143.84","144.12","143.40","381.35K","-0.26%"
"08/05/2026","144.10","144.48","144.80","143.94","469.47K","0.45%"
"08/04/2026","143.46","142.22","143.50","141.82","484.84K","1.43%"
"08/03/2026","141.44","140.80","141.48","140.30","591.76K","1.64%"
"07/31/2026","139.16","140.16","140.70","138.92","381.19K","0.27%"
"07/30/2026","138.78","138.12","139.30","137.96","453.06K","-0.20%"
"07/29/2026","139.06","140.28","140.36","138.80","433.08K","-0.81%"
"07/28/2026","140.20","139.60","140.20","139.20","419.38K","0.36%"
"07/27/2026","139.70","140.84","141.40","139.60","468.16K","-0.30%"
"07/24/2026","140.12","139.56","140.32","139.46","317.92K","0.37%"
"07/23/2026","139.60","140.80","141.02","139.42","314.73K","-1.05%"
"07/22/2026","141.08","140.42","141.16","140.22","334.21K","0.16%"
"07/21/2026","140.86","139.72","140.86","139.58","288.25K","0.89%"
"07/20/2026","139.62","138.80","139.70","138.68","430.18K","0.42%"
"07/17/2026","139.04","138.42","139.30","138.18","437.51K","-0.98%"
"07/16/2026","140.42","140.20","140.42","139.48","267.66K","-0.11%"
"07/15/2026","140.58","141.66","141.80","140.52","363.93K","-0.64%"
"07/14/2026","141.48","140.76","141.62","140.46","286.47K","0.14%"
"07/13/2026","141.28","140.92","141.44","140.90","323.97K","-0.20%"
"07/10/2026","141.56","141.10","141.70","140.96","276.23K","0.20%"
"07/09/2026","141.28","140.36","141.34","140.16","283.49K","1.16%"
"07/08/2026","139.66","140.92","141.02","139.40","442.60K","-0.75%"
"07/07/2026","140.72","141.58","141.84","140.72","373.87K","-1.21%"
"07/06/2026","142.44","142.34","142.50","141.90","399.47K","0.27%"
"07/03/2026","142.06","141.96","142.24","141.74","331.27K","0.59%"
"07/02/2026","141.22","141.08","142.16","140.66","382.69K","-0.79%"
"07/01/2026","142.34","142.08","142.38","141.52","376.60K","0.03%"
"06/30/2026","142.30","141.82","142.52","141.68","349.95K","1.01%"
"06/29/2026","140.88","141.08","141.50","140.10","491.77K","-0.18%"
"06/26/2026","141.14","141.32","141.32","139.88","428.47K","-0.24%"
"06/25/2026","141.48","142.32","142.72","140.80","423.10K","-0.41%"
"06/24/2026","142.06","141.46","142.28","141.12","315.96K","0.47%"
"06/23/2026","141.40","141.10","141.94","140.52","449.32K","-1.35%"
"06/22/2026","143.34","143.82","144.18","143.22","430.65K","-0.10%"
"06/19/2026","143.48","143.50","143.76","142.98","348.52K","-0.01%"
"06/18/2026","143.50","142.80","143.78","142.78","339.95K","0.74%"
"06/17/2026","142.44","142.24","142.44","141.90","302.61K","0.34%"
"06/16/2026","141.96","142.28","142.54","141.80","432.44K","-0.14%"
"06/15/2026","142.16","141.64","142.16","141.60","606.46K","1.48%"
"06/12/2026","140.08","138.98","140.32","138.78","414.98K","1.65%"
"06/11/2026","137.80","137.32","138.48","137.22","329.64K","0.31%"
"06/10/2026","137.38","138.24","138.56","136.80","448.64K","-0.16%"
"06/09/2026","137.60","139.70","140.28","137.52","381.70K","-1.55%"
"06/08/2026","139.76","139.02","140.22","138.64","555.97K","-0.27%"
"06/05/2026","140.14","140.88","141.02","140.14","469.42K","-1.14%"
"06/04/2026","141.76","141.22","141.76","140.44","414.12K","-0.03%"
"06/03/2026","141.80","142.50","142.60","141.76","408.44K","-0.44%"
"06/02/2026","142.42","141.78","142.42","141.58","444.95K","0.51%"
"06/01/2026","141.70","141.88","142.08","141.28","590.93K","0.24%"
"05/29/2026","141.36","141.66","141.98","141.26","439.23K","0.11%"
"05/28/2026","141.20","140.52","141.28","140.30","406.90K","0.44%"
"05/27/2026","140.58","140.54","141.28","140.26","444.56K","0.04%"
"05/26/2026","140.52","140.30","140.76","140.02","613.88K","0.75%"
"05/22/2026","139.48","139.36","139.50","138.92","367.64K","0.93%"
"05/21/2026","138.20","138.14","138.64","137.80","347.10K","0.04%"
"05/20/2026","138.14","137.20","138.32","137.14","295.45K","0.88%"
"05/19/2026","136.94","137.82","138.22","136.80","329.26K","-0.54%"
"05/18/2026","137.68","137.76","138.64","137.50","444.56K","-0.98%"
"05/15/2026","139.04","139.36","139.42","138.26","430.53K","-0.33%"
"05/14/2026","139.50","138.30","139.52","138.24","370.92K","1.19%"
"05/13/2026","137.86","137.64","137.90","137.18","391.96K","1.20%"
"05/12/2026","136.22","136.80","137.24","136.22","345.76K","-0.53%"
"05/11/2026","136.94","136.74","137.06","136.56","500.31K","0.25%"
"05/08/2026","136.60","136.52","136.80","136.22","326.44K","0.03%"
"05/07/2026","136.56","137.08","137.22","136.40","403.71K","-0.03%"
"05/06/2026","136.60","135.32","136.64","135.30","510.61K","1.49%"
"05/05/2026","134.60","134.06","134.82","133.98","553.93K","0.52%"
"05/01/2026","133.90","133.58","134.00","133.32","330.54K","0.69%"
"04/30/2026","132.98","132.54","133.62","132.40","330.04K","0.21%"
"04/29/2026","132.70","133.66","133.66","132.58","306.79K","0.12%"
"04/28/2026","132.54","133.36","133.64","132.50","358.67K","-0.27%"
"04/27/2026","132.90","133.20","133.34","132.80","502.26K","-0.24%"
"04/24/2026","133.22","133.10","133.58","132.70","346.65K","-0.08%"
"04/23/2026","133.32","132.80","133.42","132.40","316.71K","0.12%"
"04/22/2026","133.16","133.08","133.28","132.66","367.89K","0.30%"
"04/21/2026","132.76","133.54","133.90","132.60","395.62K","-0.20%"
"04/20/2026","133.02","133.02","133.42","132.78","587.02K","-0.54%"
"04/17/2026","133.74","132.16","133.84","132.12","566.41K","1.30%"
"04/16/2026","132.02","131.88","132.16","131.56","489.94K","0.72%"
"04/15/2026","131.08","130.80","131.18","130.66","477.95K","0.38%"
"04/14/2026","130.58","129.92","130.62","129.66","470.62K","1.07%"
"04/13/2026","129.20","128.70","129.34","128.38","556.14K","-0.15%"
"04/10/2026","129.40","129.40","129.74","129.30","488.23K","0.31%"
"04/09/2026","129.00","129.02","129.02","128.40","437.04K","0.25%"
"04/08/2026","128.68","129.18","129.48","128.38","999.64K","2.39%"
"04/07/2026","125.68","126.46","127.14","125.30","1.14M","-0.38%"
"04/02/2026","126.16","124.76","126.68","124.30","383.22K","-0.02%"
"04/01/2026","126.18","126.24","126.40","125.56","461.34K","2.04%"
"03/31/2026","123.66","122.74","123.88","122.58","350.19K","0.34%"
"03/30/2026","123.24","122.20","123.24","122.12","451.46K","0.80%"
"03/27/2026","122.26","123.62","123.70","121.92","342.29K","-1.07%"
"03/26/2026","123.58","124.50","124.62","123.58","276.91K","-1.20%"
"03/25/2026","125.08","124.94","125.38","124.46","347.50K","0.84%"
"03/24/2026","124.04","123.94","124.36","123.04","334.41K","0.02%"
"03/23/2026","124.02","121.98","126.18","121.70","606.11K","0.16%"
"03/20/2026","123.82","124.78","124.90","123.66","300.77K","-0.50%"
"03/19/2026","124.44","126.00","126.18","124.34","406.26K","-1.91%"
"03/18/2026","126.86","128.28","128.44","126.76","299.20K","-0.64%"
"03/17/2026","127.68","127.06","128.20","126.86","261.36K","0.30%"
"03/16/2026","127.30","127.04","127.88","126.68","325.15K","0.38%"
"03/13/2026","126.82","126.42","128.00","126.14","245.51K","0.06%"
"03/12/2026","126.74","127.42","127.64","126.30","236.35K","-0.74%"
"03/11/2026","127.68","127.94","128.20","127.36","296.32K","-0.67%"
"03/10/2026","128.54","128.08","128.60","127.38","375.05K","1.50%"
"03/09/2026","126.64","125.80","126.76","125.24","462.77K","-0.44%"
"03/06/2026","127.20","129.38","129.38","126.82","348.86K","-1.35%"
"03/05/2026","128.94","129.86","130.28","128.80","267.06K","-0.78%"
"03/04/2026","129.96","128.36","130.16","128.28","403.60K","1.15%"
"03/03/2026","128.48","129.92","130.00","127.52","439.71K","-1.86%"
"03/02/2026","130.92","130.24","131.30","129.86","481.01K","-0.52%"
"02/27/2026","131.60","131.78","132.18","130.78","380.56K","0.23%"
"02/26/2026","131.30","131.60","131.98","130.56","285.53K","-0.09%"
"02/25/2026","131.42","130.88","131.66","130.88","262.40K","0.80%"
"02/24/2026","130.38","130.36","130.68","129.88","264.65K","0.26%"
"02/23/2026","130.04","130.38","131.06","129.76","339.32K","-0.57%"
"02/20/2026","130.78","130.74","131.00","129.90","244.11K","0.20%"
"02/19/2026","130.52","130.48","130.60","129.90","163.77K","0.14%"
"02/18/2026","130.34","129.46","130.50","129.40","243.14K","0.88%"
"02/17/2026","129.20","128.64","129.44","128.20","251.07K","0.72%"
"02/16/2026","128.28","128.52","128.76","128.16","288.18K","-0.25%"
"02/13/2026","128.60","128.32","128.82","127.86","228.12K","-0.06%"
"02/12/2026","128.68","130.48","130.58","128.68","260.02K","-0.79%"
"02/11/2026","129.70","129.76","130.42","129.10","210.02K","0.06%"
"02/10/2026","129.62","129.46","129.98","129.16","263.82K","0.29%"
"02/09/2026","129.24","129.12","129.36","128.36","327.44K","0.75%"
"02/06/2026","128.28","126.86","128.40","126.58","223.99K","0.60%"
"02/05/2026","127.52","127.80","128.48","126.86","240.36K","-0.11%"
"02/04/2026","127.66","127.82","128.10","127.38","262.47K","0.02%"
"02/03/2026","127.64","128.66","128.98","127.60","275.72K","-0.58%"
"02/02/2026","128.38","126.28","128.48","126.22","395.60K","0.82%"
"01/30/2026","127.34","126.68","127.82","126.50","274.70K","0.60%"
"01/29/2026","126.58","128.00","128.08","126.26","210.54K","-0.88%"
"01/28/2026","127.70","128.28","128.50","127.60","274.42K","-0.20%"
"01/27/2026","127.96","128.32","128.36","127.60","236.19K","0.25%"
"01/26/2026","127.64","127.50","127.88","127.00","374.73K","-0.23%"
"01/23/2026","127.94","128.70","128.92","127.88","245.53K","-0.64%"
"01/22/2026","128.76","128.74","129.42","128.58","294.87K","0.55%"
"01/21/2026","128.06","127.44","128.48","127.06","283.46K","0.19%"
"01/20/2026","127.82","127.58","127.90","126.78","253.93K","-0.41%"
"01/19/2026","128.34","128.76","129.02","128.30","309.58K","-1.14%"
"01/16/2026","129.82","130.12","130.22","129.56","214.45K","-0.29%"
"01/15/2026","130.20","129.32","130.34","129.26","228.40K","1.18%"
"01/14/2026","128.68","129.24","129.32","128.32","265.44K","-0.54%"
"01/13/2026","129.38","129.12","129.46","128.88","234.67K","0.17%"
"01/12/2026","129.16","128.72","129.28","128.32","384.70K","0.00%"
"01/09/2026","129.16","128.34","129.26","128.28","216.88K","0.78%"
"01/08/2026","128.16","127.96","128.32","127.88","206.00K","-0.11%"
"01/07/2026","128.30","128.18","128.40","128.00","230.01K","0.33%"
"01/06/2026","127.88","127.42","128.12","127.06","285.43K","0.36%"
"01/05/2026","127.42","127.50","127.86","127.16","323.15K","0.85%"
"01/02/2026","126.34","126.90","127.40","126.16","306.11K","-0.25%"
"12/31/2025","126.66","126.68","126.84","126.56","135.40K","-0.22%"
"12/30/2025","126.94","126.34","127.06","126.32","211.38K","0.38%"
"12/29/2025","126.46","126.90","126.92","126.28","295.97K","0.13%"
"12/24/2025","126.30","126.28","126.42","126.22","81.33K","-0.02%"
"12/23/2025","126.32","125.96","126.42","125.76","144.96K","0.14%"
"12/22/2025","126.14","126.22","126.62","125.90","199.26K","-0.10%"
"12/19/2025","126.26","125.82","126.42","125.40","136.46K","0.43%"
"12/18/2025","125.72","124.70","125.72","124.48","165.47K","1.00%"
"12/17/2025","124.48","126.00","126.26","124.46","136.51K","-0.29%"
"12/16/2025","124.84","125.48","125.70","124.72","184.85K","-0.98%"
"12/15/2025","126.08","126.34","126.64","125.80","172.60K","0.17%"
"12/12/2025","125.86","127.10","127.20","125.68","258.88K","-0.25%"
"12/11/2025","126.18","125.94","126.36","125.66","160.23K","-0.19%"
"12/10/2025","126.42","126.40","126.58","126.10","158.79K","-0.22%"
"12/09/2025","126.70","126.96","126.96","126.20","147.06K","0.21%"
"12/08/2025","126.44","126.98","127.08","126.40","207.96K","-0.22%"
"12/05/2025","126.72","126.68","127.04","126.36","135.36K","0.48%"
"12/04/2025","126.12","126.44","126.48","125.92","123.41K","0.08%"
"12/03/2025","126.02","126.80","126.90","125.80","151.62K","-0.65%"
"12/02/2025","126.84","126.70","127.34","126.52","145.95K","0.11%"
"12/01/2025","126.70","126.48","126.74","125.88","238.61K","-0.03%"
"11/28/2025","126.74","127.20","130.16","126.60","168.52K","0.38%"
"11/27/2025","126.26","126.44","126.62","126.24","133.98K","-0.21%"
"11/26/2025","126.52","126.40","126.68","125.94","159.91K","0.99%"
"11/25/2025","125.28","125.32","125.44","124.28","170.33K","0.00%"
"11/24/2025","125.28","124.68","125.44","124.18","210.75K","1.41%"
"11/21/2025","123.54","123.20","123.84","122.86","204.48K","-1.42%"
"11/20/2025","125.32","126.40","126.68","125.32","199.19K","0.42%"
"11/19/2025","124.80","124.24","125.50","124.08","131.13K","0.37%"
"11/18/2025","124.34","124.44","124.76","123.50","197.07K","-1.25%"
"11/17/2025","125.92","126.78","126.96","125.52","178.26K","-0.76%"
"11/14/2025","126.88","126.50","126.94","125.00","203.64K","-0.06%"
"11/13/2025","126.96","128.88","129.04","126.88","139.55K","-1.28%"
"11/12/2025","128.60","128.66","129.30","128.44","166.50K","0.78%"
"11/11/2025","127.60","127.80","128.00","127.44","149.93K","0.60%"
"11/10/2025","126.84","126.90","127.38","126.74","250.95K","1.86%"
"11/07/2025","124.52","126.42","126.56","124.50","229.59K","-1.39%"
"11/06/2025","126.28","127.60","127.98","126.28","179.18K","-1.34%"
"11/05/2025","128.00","127.16","128.08","127.10","178.39K","0.06%"
"11/04/2025","127.92","127.10","128.06","126.86","205.00K","0.06%"
"11/03/2025","127.84","127.98","128.52","127.68","281.30K","0.09%"
"10/31/2025","127.72","128.32","128.72","127.58","179.01K","-0.33%"
"10/30/2025","128.14","128.22","128.34","127.70","174.96K","-0.08%"
"10/29/2025","128.24","128.28","128.62","128.06","220.05K","0.60%"
"10/28/2025","127.48","126.58","127.64","126.54","199.92K","0.73%"
"10/27/2025","126.56","126.60","126.96","126.32","293.87K","0.44%"
"10/24/2025","126.00","125.10","126.00","124.96","154.83K","1.14%"
"10/23/2025","124.58","124.10","124.62","123.82","130.48K","0.78%"
"10/22/2025","123.62","124.68","124.82","123.62","172.53K","-0.39%"
"10/21/2025","124.10","124.08","124.26","123.90","184.78K","0.11%"
"10/20/2025","123.96","123.24","123.98","122.96","197.26K","1.57%"
"10/17/2025","122.04","121.08","122.64","120.56","237.03K","-0.84%"
"10/16/2025","123.08","123.24","123.40","122.94","142.22K","0.00%"
"10/15/2025","123.08","123.26","123.92","123.08","154.54K","0.34%"
"10/14/2025","122.66","122.30","122.78","121.64","207.84K","-0.07%"
"10/13/2025","122.74","122.50","122.88","122.00","302.67K","0.62%"
"10/10/2025","121.98","124.42","124.90","121.98","171.54K","-1.90%"
"10/09/2025","124.34","124.48","124.56","124.10","177.38K","0.34%"
"10/08/2025","123.92","123.44","124.04","123.40","151.22K","0.57%"
"10/07/2025","123.22","123.54","124.18","123.22","177.52K","-0.21%"
"10/06/2025","123.48","123.64","123.92","123.30","259.07K","0.10%"
"10/03/2025","123.36","123.56","123.58","123.20","155.06K","0.33%"
"10/02/2025","122.96","122.72","123.26","122.66","212.03K","0.56%"
"10/01/2025","122.28","121.42","122.28","121.32","144.60K","0.51%"
"09/30/2025","121.66","121.82","122.00","121.56","164.21K","-0.25%"
"09/29/2025","121.96","121.94","122.22","121.80","172.25K","0.48%"
"09/26/2025","121.38","121.58","121.82","121.20","164.10K","-0.28%"
"09/25/2025","121.72","121.30","121.76","120.88","161.10K","0.10%"
"09/24/2025","121.60","121.58","121.96","121.46","134.69K","-0.09%"
"09/23/2025","121.71","121.68","121.98","121.60","156.24K","0.24%"
"09/22/2025","121.42","121.40","121.54","121.02","219.57K","0.21%"
"09/19/2025","121.17","120.78","121.38","120.78","149.75K","0.36%"
"09/18/2025","120.73","120.12","120.88","119.98","122.94K","1.20%"
"09/17/2025","119.30","119.64","119.68","119.30","122.13K","0.01%"
"09/16/2025","119.29","119.86","119.96","119.26","126.93K","-0.45%"
"09/15/2025","119.83","119.78","120.02","119.44","203.35K","0.19%"
"09/12/2025","119.60","119.68","119.82","119.54","121.92K","0.05%"
"09/11/2025","119.54","119.22","119.54","118.96","96.98K","0.59%"
"09/10/2025","118.84","118.98","119.16","118.74","114.33K","0.41%"
"09/09/2025","118.36","118.28","118.38","118.04","130.59K","0.02%"
"09/08/2025","118.34","118.28","118.44","118.08","191.38K","0.62%"
"09/05/2025","117.61","118.80","118.82","117.26","151.95K","-0.47%"
"09/04/2025","118.16","117.82","118.20","117.74","96.36K","0.56%"
"09/03/2025","117.50","117.78","118.02","117.50","141.01K","0.31%"
"09/02/2025","117.14","117.38","117.90","117.08","212.76K","-0.22%"
"09/01/2025","117.40","117.40","117.62","117.30","178.03K","0.07%"
"08/29/2025","117.32","118.08","118.22","117.28","176.44K","-0.44%"
"08/28/2025","117.84","118.02","118.20","117.64","142.45K","-0.10%"
"08/27/2025","117.96","117.94","118.14","117.82","121.04K","0.34%"
"08/26/2025","117.56","117.68","117.68","117.36","243.25K","-0.42%"
"08/22/2025","118.06","117.12","118.14","117.10","106.57K","0.65%"
"08/21/2025","117.30","117.34","117.34","116.72","167.04K","0.29%"
"08/20/2025","116.96","116.90","117.20","116.44","147.80K","-0.37%"
"08/19/2025","117.40","117.30","117.60","117.16","109.65K","0.12%"
"08/18/2025","117.26","117.18","117.30","116.92","142.15K","0.32%"
"08/15/2025","116.89","117.44","117.52","116.92","112.56K","0.03%"
"08/14/2025","116.86","116.80","117.08","116.48","128.98K","-0.03%"
"08/13/2025","116.89","117.16","117.20","116.84","103.28K","0.20%"
"08/12/2025","116.66","116.64","116.88","116.20","127.39K","-0.14%"
"08/11/2025","116.82","116.74","116.90","116.44","138.08K","0.34%"
"08/08/2025","116.42","116.32","116.62","116.18","141.99K","0.23%"
"08/07/2025","116.15","116.68","117.44","116.18","112.98K","-0.25%"
"08/06/2025","116.44","116.58","116.72","116.06","161.86K","0.33%"
"08/05/2025","116.06","116.96","116.96","115.98","151.09K","-0.14%"
"08/04/2025","116.22","115.52","116.28","115.44","194.01K","0.99%"
"08/01/2025","115.08","116.70","119.00","114.50","232.92K","-2.04%"
"07/31/2025","117.48","117.84","118.34","117.34","134.06K","0.26%"
"07/30/2025","117.17","116.96","117.38","116.66","119.41K","0.28%"
"07/29/2025","116.84","117.24","117.50","116.84","160.66K","0.24%"
"07/28/2025","116.56","117.28","117.28","116.50","184.45K","0.05%"
"07/25/2025","116.50","116.04","116.58","115.94","104.51K","0.50%"
"07/24/2025","115.92","115.70","116.08","115.60","94.16K","0.82%"
"07/23/2025","114.98","115.14","115.38","114.92","119.71K","0.33%"
"07/22/2025","114.60","114.78","114.86","114.46","128.12K","-0.42%"
"07/21/2025","115.08","115.12","115.30","114.74","145.31K","0.10%"
"07/18/2025","114.96","115.18","115.22","114.82","109.45K","-0.01%"
"07/17/2025","114.97","114.90","114.96","114.50","99.02K","1.38%"
"07/16/2025","113.40","114.00","114.58","113.40","143.06K","-1.08%"
"07/15/2025","114.64","114.80","114.94","114.44","127.49K","0.37%"
"07/14/2025","114.22","113.56","114.24","113.34","142.70K","0.49%"
"07/11/2025","113.66","113.68","113.88","113.16","105.10K","0.02%"
"07/10/2025","113.64","113.02","113.64","112.92","95.65K","0.60%"
"07/09/2025","112.96","112.60","113.30","112.52","95.70K","0.20%"
"07/08/2025","112.73","112.52","113.00","112.40","97.38K","0.26%"
"07/07/2025","112.44","112.64","112.94","112.40","175.62K","-0.05%"
"07/04/2025","112.50","112.44","112.52","112.22","115.25K","-0.42%"
"07/03/2025","112.98","112.54","113.06","112.28","107.15K","0.48%"
"07/02/2025","112.44","111.60","112.60","111.50","108.77K","1.06%"
"07/01/2025","111.26","111.24","111.40","110.82","139.56K","0.01%"
"06/30/2025","111.25","111.28","111.46","111.14","145.75K","0.14%"
"06/27/2025","111.10","110.56","111.10","110.54","98.32K","0.96%"
"06/26/2025","110.04","109.92","110.16","109.76","80.05K","-0.13%"
"06/25/2025","110.18","110.40","110.60","110.18","76.91K","0.04%"
"06/24/2025","110.14","110.44","110.60","109.90","86.67K","0.80%"
"06/23/2025","109.27","109.16","109.96","108.90","93.00K","-0.11%"
"06/20/2025","109.39","109.50","109.86","109.20","122.79K","0.36%"
"06/19/2025","109.00","109.38","109.78","108.98","100.55K","-1.03%"
"06/18/2025","110.13","110.10","110.44","109.92","74.12K","0.12%"
"06/17/2025","110.00","109.58","110.04","109.34","94.91K","-0.11%"
"06/16/2025","110.12","109.42","110.18","109.34","112.17K","0.65%"
"06/13/2025","109.41","109.14","109.78","108.96","125.36K","-0.61%"
"06/12/2025","110.08","110.20","110.20","109.38","104.69K","-0.42%"
"06/11/2025","110.54","110.74","110.80","110.50","102.63K","0.36%"
"06/10/2025","110.14","110.24","110.34","110.12","99.49K","0.44%"
"06/09/2025","109.66","109.52","109.90","109.52","142.60K","0.04%"
"06/06/2025","109.62","109.16","109.98","109.06","116.52K","0.37%"
"06/05/2025","109.22","109.08","109.44","108.56","96.49K","0.09%"
"06/04/2025","109.12","109.16","109.46","108.86","99.59K","0.24%"
"06/03/2025","108.86","108.36","108.90","108.10","97.40K","0.89%"
"06/02/2025","107.90","107.58","108.18","107.36","119.32K","-0.26%"
"05/30/2025","108.18","108.34","108.58","107.90","83.31K","-0.31%"
"05/29/2025","108.52","109.60","109.74","108.16","91.80K","0.16%"
"05/28/2025","108.35","108.48","108.86","108.16","105.29K","0.09%"
"05/27/2025","108.25","107.58","108.28","107.50","111.02K","1.38%"
"05/23/2025","106.78","107.84","107.94","105.76","102.95K","-0.94%"
"05/22/2025","107.79","108.36","108.36","107.50","102.73K","-1.21%"
"05/21/2025","109.11","108.74","109.16","108.64","61.70K","-0.50%"
"05/20/2025","109.66","109.56","109.96","109.44","72.73K","0.23%"
"05/19/2025","109.41","108.92","109.44","108.26","130.76K","-0.40%"
"05/16/2025","109.85","109.30","109.94","109.28","88.49K","0.53%"
"05/15/2025","109.27","108.74","109.26","108.60","80.29K","0.24%"
"05/14/2025","109.01","109.08","109.10","108.60","105.75K","-0.14%"
"05/13/2025","109.16","108.66","109.38","108.44","105.70K","0.63%"
"05/12/2025","108.48","107.32","109.42","107.32","179.07K","2.49%"
"05/09/2025","105.84","106.22","106.36","105.62","96.21K","-0.04%"
"05/08/2025","105.88","105.92","106.68","105.08","111.43K","1.13%"
"05/07/2025","104.70","104.94","105.30","104.44","92.92K","-0.27%"
"05/06/2025","104.98","105.56","105.86","104.28","174.77K","-0.75%"
"05/02/2025","105.77","105.04","105.96","104.96","113.52K","0.81%"
"05/01/2025","104.92","104.60","105.16","104.32","145.34K","2.01%"
"04/30/2025","102.85","103.02","103.32","101.80","114.21K","0.20%"
"04/29/2025","102.64","102.56","102.92","102.16","92.11K","0.59%"
"04/28/2025","102.04","102.96","103.08","102.04","158.37K","-0.29%"
"04/25/2025","102.34","102.82","102.96","101.96","113.24K","0.43%"
"04/24/2025","101.90","100.86","102.04","100.20","91.55K","0.45%"
"04/23/2025","101.44","100.68","102.32","100.64","160.59K","2.65%"
"04/22/2025","98.82","98.06","98.89","97.64","159.54K","-0.50%"
"04/17/2025","99.32","99.92","100.14","98.90","92.60K","-1.12%"
"04/16/2025","100.44","99.44","100.38","99.00","115.64K","-0.53%"
"04/15/2025","100.98","100.82","101.36","100.30","128.44K","-0.04%"
"04/14/2025","101.02","101.12","101.80","100.84","179.76K","2.15%"
"04/11/2025","98.89","100.08","100.18","98.11","195.67K","-0.28%"
"04/10/2025","99.17","103.12","103.44","99.17","488.40K","3.63%"
"04/09/2025","95.70","95.79","96.73","94.00","276.89K","-3.38%"
"04/08/2025","99.05","98.32","100.46","98.05","351.10K","2.94%"
"04/07/2025","96.22","92.22","99.99","91.99","597.55K","-2.21%"
"04/04/2025","98.39","101.52","101.76","97.23","320.94K","-3.86%"
"04/03/2025","102.34","103.00","103.26","101.68","314.46K","-3.96%"
"04/02/2025","106.56","106.48","106.58","105.50","108.99K","-0.06%"
"04/01/2025","106.62","106.18","106.78","105.66","137.09K","1.14%"
"03/31/2025","105.42","105.02","105.42","104.28","221.09K","-0.72%"
"03/28/2025","106.18","107.26","107.66","106.10","108.47K","-1.63%"
"03/27/2025","107.94","108.28","108.36","107.50","104.77K","-0.74%"
"03/26/2025","108.74","109.48","109.58","108.70","174.64K","-0.23%"
"03/25/2025","108.99","109.02","109.30","108.86","121.96K","-0.06%"
"03/24/2025","109.06","108.64","109.14","108.28","136.74K","1.32%"
"03/21/2025","107.64","107.84","108.24","106.90","92.22K","0.00%"
"03/20/2025","107.64","108.20","108.34","107.20","123.22K","-0.09%"
"03/19/2025","107.74","107.06","107.90","107.00","135.54K","0.64%"
"03/18/2025","107.05","107.70","107.96","106.80","120.67K","-0.28%"
"03/17/2025","107.35","106.76","107.60","106.66","183.18K","0.36%"
"03/14/2025","106.96","105.74","107.16","105.66","157.21K","1.46%"
"03/13/2025","105.42","105.52","106.20","105.20","110.57K","-0.77%"
"03/12/2025","106.24","106.00","106.86","105.40","180.01K","0.77%"
"03/11/2025","105.43","106.84","106.86","105.30","239.84K","-1.46%"
"03/10/2025","106.99","108.62","108.76","106.70","196.79K","-0.77%"
"03/07/2025","107.82","108.86","108.90","107.86","120.71K","-1.66%"
"03/06/2025","109.64","109.84","110.04","108.98","147.15K","0.45%"
"03/05/2025","109.15","110.00","110.42","109.10","200.06K","-0.05%"
"03/04/2025","109.20","111.04","111.12","109.00","252.47K","-2.81%"
"03/03/2025","112.36","113.22","113.42","112.24","183.93K","0.28%"
"02/28/2025","112.05","111.84","112.32","111.40","155.66K","-1.01%"
"02/27/2025","113.19","113.36","113.58","112.50","93.52K","-0.36%"
"02/26/2025","113.60","113.52","113.76","113.24","107.45K","1.05%"
"02/25/2025","112.42","113.38","113.60","112.20","172.87K","-1.25%"
"02/24/2025","113.84","114.44","114.50","113.36","174.26K","-0.95%"
"02/21/2025","114.93","115.18","115.58","114.84","79.65K","-0.04%"
"02/20/2025","114.98","115.72","115.94","114.88","103.38K","-0.78%"
"02/19/2025","115.88","115.94","116.02","115.50","96.11K","0.12%"
"02/18/2025","115.74","116.00","116.24","115.60","107.57K","-0.09%"
"02/17/2025","115.84","115.80","116.00","115.78","153.77K","0.31%"
"02/14/2025","115.48","115.98","115.98","115.40","86.34K","-0.14%"
"02/13/2025","115.64","115.34","115.80","115.22","90.54K","0.20%"
"02/12/2025","115.41","115.74","115.94","115.18","145.11K","-0.44%"
"02/11/2025","115.92","116.38","116.82","115.64","96.24K","-0.21%"
"02/10/2025","116.16","115.60","116.26","115.60","108.22K","0.48%"
"02/07/2025","115.60","115.94","117.88","115.48","132.23K","-0.18%"
"02/06/2025","115.81","115.26","116.30","115.26","99.32K","1.31%"
"02/05/2025","114.31","113.96","114.34","113.60","87.55K","-0.25%"
"02/04/2025","114.60","114.34","114.64","113.84","120.49K","0.23%"
"02/03/2025","114.34","114.16","114.42","113.62","271.14K","-1.57%"
"01/31/2025","116.16","115.96","116.38","115.96","136.92K","0.90%"
"01/30/2025","115.12","115.06","115.50","114.80","94.81K","0.23%"
"01/29/2025","114.86","115.14","115.46","114.86","148.77K","0.30%"
"01/28/2025","114.52","114.20","114.84","114.00","132.20K","0.88%"
"01/27/2025","113.52","114.66","114.66","112.32","172.88K","-1.63%"
"01/24/2025","115.40","116.18","116.18","115.24","63.08K","-0.63%"
"01/23/2025","116.13","116.10","116.34","115.84","74.62K","-0.06%"
"01/22/2025","116.20","115.78","116.22","115.60","114.08K","0.73%"
"01/21/2025","115.36","115.36","115.82","115.16","88.18K","-0.03%"
"01/20/2025","115.40","115.60","116.00","114.84","118.03K","-0.33%"
"01/17/2025","115.78","114.96","116.08","114.80","127.48K","1.24%"
"01/16/2025","114.36","114.90","115.52","114.16","81.04K","0.42%"
"01/15/2025","113.88","112.48","115.54","112.40","76.08K","1.25%"
"01/14/2025","112.47","112.74","113.64","112.30","103.47K","0.41%"
"01/13/2025","112.01","112.38","112.42","111.78","118.23K","-0.19%"
"01/10/2025","112.22","112.88","113.74","111.82","79.97K","-0.71%"
"01/09/2025","113.02","113.08","113.48","112.84","72.64K","0.37%"
"01/08/2025","112.60","111.80","112.72","111.78","147.93K","0.37%"
"01/07/2025","112.19","111.96","112.54","111.72","88.38K","-0.58%"
"01/06/2025","112.85","112.24","112.92","112.02","185.51K","0.68%"
"01/03/2025","112.09","111.78","112.60","111.54","127.84K","-0.05%"
"01/02/2025","112.15","111.02","112.54","110.88","121.82K","0.89%"
"12/31/2024","111.16","110.50","111.20","110.44","57.19K","0.32%"
"12/30/2024","110.80","111.10","111.50","110.00","101.45K","-0.40%"
"12/27/2024","111.24","112.14","113.00","111.00","77.39K","-0.32%"
"12/24/2024","111.60","111.82","111.90","111.52","52.47K","0.41%"
"12/23/2024","111.14","112.02","112.02","110.60","152.72K","0.21%"
"12/20/2024","110.91","110.16","111.00","109.04","124.57K","0.23%"
"12/19/2024","110.66","110.02","111.20","109.60","135.15K","-1.27%"
"12/18/2024","112.08","112.20","112.72","111.76","63.60K","0.13%"
"12/17/2024","111.94","112.02","112.54","111.66","78.70K","-0.48%"
"12/16/2024","112.48","112.82","113.58","112.42","85.85K","-0.37%"
"12/13/2024","112.90","113.02","113.22","112.60","53.89K","0.14%"
"12/12/2024","112.74","112.46","113.02","112.30","70.23K","0.18%"
"12/11/2024","112.54","111.90","112.54","111.78","71.68K","0.43%"
"12/10/2024","112.06","112.22","112.38","112.00","67.74K","-0.37%"
"12/09/2024","112.48","113.10","113.10","112.24","92.14K","-0.25%"
"12/06/2024","112.76","112.44","113.00","112.20","46.85K","0.07%"
"12/05/2024","112.68","112.68","113.64","112.50","58.81K","-0.02%"
"12/04/2024","112.70","112.66","116.12","112.00","87.15K","0.07%"
"12/03/2024","112.62","112.64","113.16","112.40","92.99K","0.02%"
"12/02/2024","112.60","112.34","112.88","111.64","106.75K","0.74%"
"11/29/2024","111.77","111.14","111.80","111.10","64.91K","0.22%"
"11/28/2024","111.52","111.60","111.72","111.44","42.36K","0.22%"
"11/27/2024","111.28","112.28","112.46","111.16","80.95K","-0.94%"
"11/26/2024","112.34","111.98","112.79","111.74","99.33K","0.05%"
"11/25/2024","112.28","112.26","112.56","112.06","116.55K","0.23%"
"11/22/2024","112.02","111.46","112.80","111.16","75.66K","0.92%"
"11/21/2024","111.00","110.06","111.74","109.80","70.22K","1.22%"
"11/20/2024","109.66","110.20","110.42","109.32","80.12K","-0.31%"
"11/19/2024","110.00","110.10","110.22","109.02","70.90K","-0.18%"
"11/18/2024","110.20","109.90","110.20","109.54","69.83K","0.46%"
"11/15/2024","109.70","109.94","110.24","109.54","67.52K","-0.81%"
"11/14/2024","110.60","110.66","114.18","110.38","85.80K","0.04%"
"11/13/2024","110.56","110.22","110.60","109.66","83.30K","0.20%"
"11/12/2024","110.34","110.30","110.70","109.90","80.38K","0.07%"
"11/11/2024","110.26","110.12","110.56","110.05","109.98K","0.68%"
"11/08/2024","109.52","109.52","110.08","108.94","70.77K","0.27%"
"11/07/2024","109.22","109.00","109.60","108.84","125.54K","0.53%"
"11/06/2024","108.64","108.84","109.42","108.26","132.28K","1.97%"
"11/05/2024","106.54","106.10","106.98","105.80","59.00K","0.36%"
"11/04/2024","106.16","106.16","106.72","105.94","132.44K","-0.41%"
"11/01/2024","106.60","106.30","107.12","106.14","91.43K","0.11%"
"10/31/2024","106.48","106.22","106.64","106.02","104.99K","-0.60%"
"10/30/2024","107.12","107.24","107.98","106.90","105.75K","-0.13%"
"10/29/2024","107.26","107.62","107.88","107.02","145.03K","-0.20%"
"10/28/2024","107.48","107.62","107.78","107.14","121.70K","-0.04%"
"10/25/2024","107.52","107.26","107.80","107.14","83.09K","0.34%"
"10/24/2024","107.16","107.46","107.84","107.06","97.13K","-0.13%"
"10/23/2024","107.30","107.72","107.94","107.26","76.82K","-0.37%"
"10/22/2024","107.70","107.90","107.96","107.00","84.60K","0.09%"
"10/21/2024","107.60","107.88","108.20","107.50","150.06K","-0.35%"
"10/18/2024","107.98","107.60","108.00","107.50","95.62K","-0.06%"
"10/17/2024","108.04","108.08","108.62","107.90","78.62K","0.37%"
"10/16/2024","107.64","107.58","107.70","107.20","116.91K","0.49%"
"10/15/2024","107.12","107.98","108.00","107.00","62.73K","-0.76%"
"10/14/2024","107.94","107.38","108.14","107.30","115.53K","0.52%"
"10/11/2024","107.38","106.74","107.40","106.48","72.31K","0.44%"
"10/10/2024","106.91","106.80","109.60","106.40","83.13K","0.27%"
"10/09/2024","106.62","106.06","106.66","105.88","57.08K","0.42%"
"10/08/2024","106.17","105.66","106.24","105.36","80.22K","-0.34%"
"10/07/2024","106.53","106.48","106.70","106.16","78.08K","0.58%"
"10/04/2024","105.92","105.52","109.30","105.10","74.87K","0.27%"
"10/03/2024","105.64","105.50","106.00","105.10","81.65K","0.64%"
"10/02/2024","104.97","104.80","105.10","104.44","71.21K","0.49%"
"10/01/2024","104.46","104.68","105.18","104.00","128.96K","0.33%"
"09/30/2024","104.12","104.54","104.86","104.04","86.82K","-0.55%"
"09/27/2024","104.70","104.42","105.18","104.34","86.15K","0.36%"
"09/26/2024","104.32","104.98","105.28","104.24","88.49K","0.29%"
"09/25/2024","104.02","103.42","104.06","103.34","62.08K","0.30%"
"09/24/2024","103.71","103.84","103.98","103.28","81.81K","0.20%"
"09/23/2024","103.50","103.66","104.34","103.42","63.91K","0.08%"
"09/20/2024","103.42","103.64","103.90","103.30","52.32K","-0.65%"
"09/19/2024","104.10","103.82","104.42","103.66","49.02K","1.11%"
"09/18/2024","102.96","103.48","103.52","102.76","46.51K","-0.81%"
"09/17/2024","103.80","103.28","103.94","102.86","41.13K","0.89%"
"09/16/2024","102.88","103.20","103.42","102.74","69.26K","-0.56%"
"09/13/2024","103.46","103.08","103.71","102.98","30.80K","0.62%"
"09/12/2024","102.82","103.06","103.36","101.50","31.95K","1.56%"
"09/11/2024","101.24","101.50","102.62","100.86","44.64K","-0.30%"
"09/10/2024","101.54","101.26","101.82","101.12","91.35K","0.08%"
"09/09/2024","101.46","100.92","101.60","100.84","81.87K","1.22%"
"09/06/2024","100.24","101.18","101.98","100.18","65.85K","-1.20%"
"09/05/2024","101.46","101.82","102.24","101.44","106.90K","-0.59%"
"09/04/2024","102.06","101.74","102.40","101.64","85.88K","-1.07%"
"09/03/2024","103.16","104.22","104.34","102.90","97.95K","-0.92%"
"09/02/2024","104.12","104.00","104.16","103.54","83.21K","0.55%"
"08/30/2024","103.55","103.54","104.10","103.44","50.40K","-0.24%"
"08/29/2024","103.80","102.78","106.12","102.72","85.49K","0.91%"
"08/28/2024","102.86","103.22","103.40","102.74","61.57K","-0.08%"
"08/27/2024","102.94","103.29","103.42","102.76","73.81K","-0.40%"
"08/23/2024","103.35","103.38","103.72","102.98","58.01K","-0.17%"
"08/22/2024","103.53","103.90","104.06","103.50","52.37K","-0.32%"
"08/21/2024","103.86","103.92","104.31","103.68","35.80K","0.13%"
"08/20/2024","103.72","104.32","104.62","103.69","80.43K","-0.38%"
"08/19/2024","104.12","103.90","104.14","103.22","64.40K","0.34%"
"08/16/2024","103.77","104.20","104.82","103.26","49.96K","-0.05%"
"08/15/2024","103.82","102.86","103.96","102.48","43.09K","1.25%"
"08/14/2024","102.54","102.42","103.54","101.92","34.30K","0.61%"
"08/13/2024","101.92","101.42","101.94","101.16","43.15K","0.77%"
"08/12/2024","101.14","101.24","101.62","100.96","68.01K","0.16%"
"08/09/2024","100.98","100.92","101.44","100.72","57.72K","0.19%"
"08/08/2024","100.79","99.65","100.96","99.10","91.12K","-0.09%"
"08/07/2024","100.88","100.42","101.28","100.02","95.58K","1.52%"
"08/06/2024","99.36","99.19","100.08","98.52","102.55K","0.76%"
"08/05/2024","98.62","98.39","98.70","96.25","253.40K","-1.58%"
"08/02/2024","100.20","102.52","102.52","99.87","104.35K","-3.00%"
"08/01/2024","103.30","104.78","105.39","103.20","67.88K","-0.79%"
"07/31/2024","104.12","103.54","104.14","103.30","61.10K","1.65%"
"07/30/2024","102.43","102.70","103.58","102.32","48.71K","0.09%"
"07/29/2024","102.34","103.10","103.38","102.34","87.86K","-0.12%"
"07/26/2024","102.46","101.94","102.81","101.60","58.00K","0.41%"
"07/25/2024","102.04","101.84","102.22","101.10","114.32K","-0.13%"
"07/24/2024","102.17","103.12","103.52","102.12","68.23K","-1.72%"
"07/23/2024","103.96","103.62","104.10","103.38","65.51K","0.54%"
"07/22/2024","103.40","103.06","103.82","102.98","147.48K","0.45%"
"07/19/2024","102.94","103.54","103.56","102.92","63.43K","-0.41%"
"07/18/2024","103.36","104.28","104.40","103.36","45.53K","-0.50%"
"07/17/2024","103.88","104.60","104.64","103.62","61.52K","-1.06%"
"07/16/2024","104.99","104.72","105.14","104.36","110.01K","0.16%"
"07/15/2024","104.82","104.72","105.02","104.50","103.54K","0.02%"
"07/12/2024","104.80","104.60","105.12","104.22","45.46K","0.25%"
"07/11/2024","104.54","105.32","105.66","104.50","79.81K","-0.31%"
"07/10/2024","104.86","104.82","105.10","104.72","69.09K","0.21%"
"07/09/2024","104.64","104.80","104.90","104.58","53.37K","0.17%"
"07/08/2024","104.46","110.62","110.62","104.10","75.46K","0.10%"
"07/05/2024","104.36","104.68","104.78","104.08","55.45K","-0.21%"
"07/04/2024","104.58","104.56","104.95","104.20","60.77K","0.36%"
"07/03/2024","104.21","104.28","104.68","104.06","104.82K","0.32%"
"07/02/2024","103.88","103.92","104.02","103.44","82.64K","-0.08%"
"07/01/2024","103.96","104.04","104.24","103.52","116.17K","-0.46%"
"06/28/2024","104.44","104.42","104.84","104.02","68.91K","0.51%"
"06/27/2024","103.91","103.96","104.38","103.82","49.11K","0.03%"
"06/26/2024","103.88","104.00","104.22","103.56","46.70K","0.23%"
"06/25/2024","103.64","103.60","103.87","103.02","67.28K","-0.23%"
"06/24/2024","103.88","103.72","103.98","103.56","80.65K","0.08%"
"06/21/2024","103.80","103.96","104.02","103.60","61.83K","-0.15%"
"06/20/2024","103.96","103.89","105.24","103.00","45.56K","0.39%"
"06/19/2024","103.56","103.62","103.70","103.46","69.38K","0.05%"
"06/18/2024","103.51","103.36","103.94","103.26","68.87K","0.61%"
"06/17/2024","102.88","102.88","103.29","102.70","46.35K","0.21%"
"06/14/2024","102.66","102.72","102.84","102.08","112.05K","0.37%"
"06/13/2024","102.28","102.62","103.00","102.11","55.28K","-0.25%"
"06/12/2024","102.54","102.06","102.64","101.88","42.42K","0.75%"
"06/11/2024","101.78","102.32","102.38","101.40","53.86K","-0.32%"
"06/10/2024","102.11","101.96","102.20","101.64","50.76K","-0.21%"
"06/07/2024","102.32","102.14","102.48","101.72","40.93K","0.26%"
"06/06/2024","102.05","101.88","102.26","101.84","50.54K","0.38%"
"06/05/2024","101.66","101.12","101.76","101.00","58.12K","1.23%"
"06/04/2024","100.42","100.54","100.86","100.32","55.42K","-0.40%"
"06/03/2024","100.82","101.66","101.96","100.74","86.60K","0.70%"
"05/31/2024","100.12","100.52","100.98","99.96","85.11K","-0.50%"
"05/30/2024","100.62","100.54","100.84","100.48","47.00K","-0.32%"
"05/29/2024","100.94","101.12","101.32","100.68","65.72K","-0.51%"
"05/28/2024","101.46","101.82","102.04","101.32","80.75K","-0.25%"
"05/24/2024","101.71","101.46","101.84","101.30","202.25K","-0.34%"
"05/23/2024","102.06","102.32","102.82","101.80","46.92K","-0.02%"
"05/22/2024","102.08","102.02","102.26","101.82","73.76K","-0.20%"
"05/21/2024","102.28","102.30","102.60","102.10","105.27K","-0.43%"
"05/20/2024","102.72","102.58","102.74","102.42","64.55K","0.41%"
"05/17/2024","102.30","102.52","102.62","102.24","55.10K","-0.45%"
"05/16/2024","102.76","102.72","102.98","102.58","48.45K","0.33%"
"05/15/2024","102.42","102.14","102.48","101.92","53.80K","0.53%"
"05/14/2024","101.88","101.94","102.30","101.78","71.97K","-0.10%"
"05/13/2024","101.98","102.32","102.32","101.92","69.86K","-0.16%"
"05/10/2024","102.14","102.02","102.40","101.86","64.98K","0.29%"
"05/09/2024","101.84","101.58","101.86","101.35","46.93K","0.28%"
"05/08/2024","101.56","101.64","101.82","101.24","48.69K","0.12%"
"05/07/2024","101.44","101.22","101.76","101.00","81.93K","1.40%"
"05/03/2024","100.04","99.52","100.52","99.32","56.96K","0.96%"
"05/02/2024","99.08","98.99","99.53","98.79","39.08K","0.57%"
"05/01/2024","98.52","98.70","99.19","98.27","67.56K","-0.68%"
"04/30/2024","99.19","99.83","99.90","99.14","83.39K","-0.36%"
"04/29/2024","99.55","99.90","99.97","99.55","124.85K","-0.29%"
"04/26/2024","99.84","99.46","100.04","99.16","64.49K","1.64%"
"04/25/2024","98.23","98.80","99.19","97.90","62.19K","-1.26%"
"04/24/2024","99.49","99.99","100.34","99.37","76.14K","0.10%"
"04/23/2024","99.39","99.39","99.66","98.98","68.04K","0.61%"
"04/22/2024","98.79","98.59","99.28","98.44","109.57K","0.60%"
"04/19/2024","98.20","97.66","98.28","97.54","61.20K","-0.43%"
"04/18/2024","98.62","98.58","98.78","98.09","67.80K","0.44%"
"04/17/2024","98.19","98.27","99.02","98.05","69.10K","-0.59%"
"04/16/2024","98.77","98.78","99.11","98.38","88.09K","-1.33%"
"04/15/2024","100.10","101.00","101.00","100.00","126.68K","-0.45%"
"04/12/2024","100.55","101.06","101.18","100.44","56.18K","0.26%"
"04/11/2024","100.29","100.78","100.79","99.89","95.12K","0.07%"
"04/10/2024","100.22","100.52","101.14","99.50","95.71K","0.34%"
"04/09/2024","99.89","100.50","100.80","99.56","110.00K","-0.61%"
"04/08/2024","100.50","100.28","100.90","100.20","234.04K","0.26%"
"04/05/2024","100.24","99.73","100.46","99.62","100.72K","-0.71%"
"04/04/2024","100.96","100.64","101.10","100.50","106.73K","0.22%"
"04/03/2024","100.74","100.58","101.00","100.26","117.07K","0.11%"
"04/02/2024","100.63","101.48","102.78","100.50","162.41K","-0.45%"
"03/28/2024","101.08","101.16","101.52","100.92","88.44K","0.43%"
"03/27/2024","100.65","100.94","101.02","100.56","88.00K","-0.15%"
"03/26/2024","100.80","100.58","101.04","100.56","66.97K","0.24%"
"03/25/2024","100.56","100.84","101.10","100.22","85.48K","-0.36%"
"03/22/2024","100.92","101.06","101.44","100.80","56.64K","0.00%"
"03/21/2024","100.92","100.14","101.00","99.86","58.69K","1.80%"
"03/20/2024","99.14","99.08","99.40","98.98","47.04K","0.29%"
"03/19/2024","98.86","98.76","99.00","98.44","49.54K","-0.02%"
"03/18/2024","98.88","98.66","98.99","98.21","88.77K","0.74%"
"03/15/2024","98.15","98.59","98.96","98.06","61.29K","-0.44%"
"03/14/2024","98.58","98.84","99.00","98.34","36.60K","-0.09%"
"03/13/2024","98.67","98.83","98.96","98.55","43.54K","0.04%"
"03/12/2024","98.63","98.23","98.88","98.00","51.57K","1.01%"
"03/11/2024","97.64","97.48","97.70","97.13","103.53K","-0.37%"
"03/08/2024","98.00","98.51","98.77","97.73","100.60K","-0.38%"
"03/07/2024","98.37","97.67","98.61","97.55","48.61K","0.37%"
"03/06/2024","98.01","97.66","98.57","97.51","65.48K","0.54%"
"03/05/2024","97.48","98.19","98.55","97.35","84.59K","-0.83%"
"03/04/2024","98.30","98.58","98.80","98.23","85.62K","-0.23%"
"03/01/2024","98.53","98.37","98.79","98.00","70.52K","0.85%"
"02/29/2024","97.70","97.56","97.94","97.09","44.97K","0.19%"
"02/28/2024","97.51","97.57","97.93","97.33","71.23K","-0.01%"
"02/27/2024","97.52","97.48","97.90","97.35","58.26K","-0.14%"
"02/26/2024","97.65","97.62","97.99","97.55","54.77K","-0.17%"
"02/23/2024","97.82","97.81","98.03","97.60","71.02K","0.16%"
"02/22/2024","97.67","97.09","97.96","96.97","59.23K","1.40%"
"02/21/2024","96.32","96.30","96.68","96.10","37.47K","0.12%"
"02/20/2024","96.20","96.88","97.06","96.02","62.18K","-0.96%"
"02/19/2024","97.13","96.77","97.21","96.58","77.96K","-0.14%"
"02/16/2024","97.27","97.27","97.60","96.98","40.05K","0.53%"
"02/15/2024","96.76","96.94","97.17","96.65","44.86K","0.47%"
"02/14/2024","96.31","95.90","96.56","95.84","31.77K","0.72%"
"02/13/2024","95.62","96.46","96.63","95.34","59.45K","-1.28%"
"02/12/2024","96.86","96.33","96.88","96.31","77.46K","0.76%"
"02/09/2024","96.13","96.02","96.42","95.98","72.96K","0.17%"
"02/08/2024","95.97","96.11","96.56","95.91","43.68K","0.08%"
"02/07/2024","95.89","95.56","96.05","95.42","46.40K","0.23%"
"02/06/2024","95.67","95.86","96.22","95.52","83.29K","0.16%"
"02/05/2024","95.52","95.27","96.01","95.14","89.26K","0.49%"
"02/02/2024","95.05","94.47","95.05","94.29","34.32K","1.52%"
"02/01/2024","93.63","93.86","94.44","93.55","45.95K","-0.37%"
"01/31/2024","93.97","94.51","94.81","93.80","58.69K","-0.77%"
"01/30/2024","94.71","94.53","94.80","94.44","46.61K","0.55%"
"01/29/2024","94.18","94.08","94.39","93.90","66.37K","0.11%"
"01/26/2024","94.08","94.15","94.15","93.59","57.32K","0.18%"
"01/25/2024","93.91","93.42","94.15","93.23","31.36K","0.20%"
"01/24/2024","93.72","93.68","94.03","93.33","44.61K","0.57%"
"01/23/2024","93.19","92.96","93.34","92.72","41.75K","0.14%"
"01/22/2024","93.06","93.07","93.28","92.86","61.30K","0.65%"
"01/19/2024","92.46","92.37","92.63","92.04","32.89K","0.66%"
"01/18/2024","91.85","91.46","92.50","91.26","62.44K","0.45%"
"01/17/2024","91.44","91.70","92.05","91.34","63.36K","-1.21%"
"01/16/2024","92.56","92.36","92.75","92.19","55.64K","0.11%"
"01/15/2024","92.46","92.58","92.77","92.43","53.03K","-0.02%"
"01/12/2024","92.47","92.19","92.78","92.11","46.96K","0.53%"
"01/11/2024","91.99","92.65","92.94","91.92","40.66K","-0.24%"
"01/10/2024","92.21","92.28","92.40","92.07","45.58K","0.14%"
"01/09/2024","92.08","92.06","92.22","91.72","55.94K","0.49%"
"01/08/2024","91.63","91.39","91.72","91.21","66.59K","0.07%"
"01/05/2024","91.57","91.48","91.74","91.35","58.43K","-0.47%"
"01/04/2024","92.00","91.84","92.09","91.57","65.39K","-0.04%"
"01/03/2024","92.04","92.72","92.96","91.92","54.33K","-0.96%"
"01/02/2024","92.93","93.09","93.11","92.55","78.30K","-0.01%"
"12/29/2023","92.94","93.00","93.38","92.69","18.87K","-0.05%"
"12/28/2023","92.99","93.00","93.04","92.57","35.50K","0.68%"
"12/27/2023","92.36","92.68","93.11","92.28","32.24K","0.34%"
"12/22/2023","92.04","92.36","92.36","91.72","30.23K","-0.31%"
"12/21/2023","92.33","92.20","92.45","91.81","35.98K","-0.35%"
"12/20/2023","92.65","92.74","92.82","92.40","34.24K","0.76%"
"12/19/2023","91.95","92.28","92.28","91.72","41.78K","-0.09%"
"12/18/2023","92.03","91.65","92.13","91.60","41.54K","0.36%"
"12/15/2023","91.70","91.51","91.91","91.20","25.49K","0.48%"
"12/14/2023","91.26","92.04","92.30","91.25","41.85K","0.01%"
"12/13/2023","91.25","91.24","91.54","90.96","21.68K","0.53%"
"12/12/2023","90.77","90.81","91.11","90.59","31.62K","0.22%"
"12/11/2023","90.57","90.44","90.77","90.09","30.72K","0.28%"
"12/08/2023","90.32","89.95","90.53","89.85","27.18K","0.52%"
"12/07/2023","89.85","89.70","90.07","89.28","36.27K","0.08%"
"12/06/2023","89.78","89.75","90.15","89.60","57.35K","0.43%"
"12/05/2023","89.39","89.07","89.50","88.77","65.42K","0.29%"
"12/04/2023","89.14","89.30","89.61","89.10","45.03K","-0.19%"
"12/01/2023","89.31","89.19","89.58","89.11","31.65K","0.43%"
"11/30/2023","88.92","88.82","89.36","88.58","43.68K","0.11%"
"11/29/2023","88.82","88.63","89.07","88.42","42.50K","0.05%"
"11/28/2023","88.78","88.92","89.23","88.53","47.73K","-0.34%"
"11/27/2023","89.08","89.04","89.30","88.74","21.06K","-0.16%"
"11/24/2023","89.22","89.64","89.75","89.17","24.57K","-0.60%"
"11/23/2023","89.75","89.99","90.13","89.50","33.45K","-0.29%"
"11/22/2023","90.02","89.31","90.14","89.30","25.00K","0.83%"
"11/21/2023","89.28","89.65","89.86","89.20","29.53K","-0.41%"
"11/20/2023","89.65","89.36","89.65","89.25","49.00K","0.12%"
"11/17/2023","89.54","89.68","90.00","89.50","18.15K","0.56%"
"11/16/2023","89.04","89.64","89.93","88.95","28.74K","-0.54%"
"11/15/2023","89.53","89.08","89.74","89.00","21.34K","0.71%"
"11/14/2023","88.89","88.37","88.99","88.24","19.66K","0.45%"
"11/13/2023","88.50","88.39","88.59","88.19","18.03K","0.42%"
"11/10/2023","88.13","87.83","88.27","87.56","20.84K","0.05%"
"11/09/2023","88.08","87.91","88.36","87.78","23.92K","0.46%"
"11/08/2023","87.68","87.68","88.25","87.39","12.65K","-0.15%"
"11/07/2023","87.81","87.20","87.91","87.04","25.37K","0.72%"
"11/06/2023","87.18","87.36","87.57","87.00","20.35K","-0.17%"
"11/03/2023","87.33","87.54","87.66","87.20","20.66K","0.07%"
"11/02/2023","87.26","86.42","87.43","86.20","30.36K","1.68%"
"11/01/2023","85.82","85.19","86.14","85.02","12.61K","1.01%"
"10/31/2023","84.96","84.69","85.18","84.64","26.87K","0.47%"
"10/30/2023","84.57","84.88","85.12","84.39","36.45K","0.20%"
"10/27/2023","84.40","84.94","85.16","84.35","16.58K","-0.48%"
"10/26/2023","84.81","85.01","85.33","84.73","19.56K","-1.04%"
"10/25/2023","85.71","85.73","86.17","85.37","11.06K","-0.26%"
"10/24/2023","85.93","85.04","86.14","84.90","27.11K","0.69%"
"10/23/2023","85.34","85.72","85.94","84.90","32.09K","-0.51%"
"10/20/2023","85.78","86.63","86.92","85.76","44.82K","-1.68%"
"10/19/2023","87.24","87.31","87.66","87.15","7.00K","-0.62%"
"10/18/2023","87.79","88.07","88.24","87.73","15.39K","-0.67%"
"10/17/2023","88.38","88.26","88.47","88.00","10.83K","0.00%"
"10/16/2023","88.38","87.99","88.50","87.59","17.67K","0.44%"
"10/13/2023","87.99","88.19","88.56","87.74","22.31K","-0.45%"
"10/12/2023","88.39","88.30","88.69","88.12","21.87K","0.82%"
"10/11/2023","87.67","87.75","87.99","87.55","27.67K","-0.52%"
"10/10/2023","88.12","87.52","88.16","87.43","59.05K","1.53%"
"10/09/2023","86.79","86.89","86.94","86.40","49.16K","0.47%"
"10/06/2023","86.39","86.20","86.60","85.90","37.65K","0.41%"
"10/05/2023","86.03","86.50","86.84","85.95","25.02K","-0.15%"
"10/04/2023","86.15","86.38","86.40","85.96","31.61K","-0.53%"
"10/03/2023","86.61","87.45","87.72","86.54","31.61K","-0.98%"
"10/02/2023","87.47","87.58","87.85","87.21","17.97K","-0.16%"
"09/29/2023","87.61","87.42","88.28","87.40","78.09K","0.29%"
"09/28/2023","87.36","87.48","87.72","86.74","26.78K","0.01%"
"09/27/2023","87.35","87.60","87.81","87.28","14.24K","-0.11%"
"09/26/2023","87.44","87.76","87.89","87.32","35.49K","-0.53%"
"09/25/2023","87.91","87.90","88.21","87.47","46.63K","-0.39%"
"09/22/2023","88.25","87.75","88.36","87.69","14.00K","0.51%"
"09/21/2023","87.81","88.28","88.51","87.79","27.19K","-1.39%"
"09/20/2023","89.04","88.99","89.45","88.78","25.54K","0.58%"
"09/19/2023","88.53","88.96","89.21","88.41","8.60K","-0.44%"
"09/18/2023","88.92","89.10","89.20","88.73","30.55K","-0.35%"
"09/15/2023","89.23","89.76","90.11","89.14","23.52K","-0.34%"
"09/14/2023","89.54","88.61","89.52","88.40","22.75K","1.32%"
"09/13/2023","88.37","88.72","88.82","88.02","28.87K","-0.06%"
"09/12/2023","88.43","88.47","88.69","88.32","48.09K","0.29%"
"09/11/2023","88.17","88.18","88.33","87.99","36.79K","-0.05%"
"09/08/2023","88.21","88.09","88.34","87.62","19.42K","0.37%"
"09/07/2023","87.89","87.93","88.27","87.71","14.72K","-0.19%"
"09/06/2023","88.06","88.30","88.45","87.84","24.54K","-0.30%"
"09/05/2023","88.32","88.16","88.55","88.03","12.31K","0.11%"
"09/04/2023","88.23","88.55","88.72","88.16","35.13K","-0.12%"
"09/01/2023","88.34","87.92","88.72","87.72","39.32K","0.51%"
"08/31/2023","87.89","87.76","88.16","87.60","30.94K","0.49%"
"08/30/2023","87.46","87.86","87.95","86.90","18.43K","-0.23%"
"08/29/2023","87.67","86.95","87.77","86.80","26.91K","1.82%"
"08/25/2023","86.11","85.96","86.36","85.71","25.40K","-0.03%"
"08/24/2023","86.13","86.76","86.93","86.02","17.39K","0.09%"
"08/23/2023","86.05","85.28","86.14","85.22","30.14K","0.99%"
"08/22/2023","85.21","85.07","85.63","84.98","15.40K","0.63%"
"08/21/2023","84.68","84.72","85.20","84.69","26.97K","0.11%"
"08/18/2023","84.58","84.97","85.08","84.22","40.83K","-0.71%"
"08/17/2023","85.18","85.54","85.76","85.20","25.03K","-0.83%"
"08/16/2023","85.89","86.07","86.36","85.80","22.75K","-0.52%"
"08/15/2023","86.34","87.19","87.32","86.08","31.65K","-0.99%"
"08/14/2023","87.20","87.05","87.43","86.99","42.17K","0.28%"
"08/11/2023","86.96","87.46","87.62","86.89","29.58K","-1.04%"
"08/10/2023","87.87","87.52","88.06","86.80","71.23K","0.79%"
"08/09/2023","87.18","87.48","87.85","87.16","17.82K","0.16%"
"08/08/2023","87.04","87.50","87.52","86.96","19.45K","-0.38%"
"08/07/2023","87.38","87.68","87.82","87.30","24.96K","-0.57%"
"08/04/2023","87.88","87.94","88.12","87.50","23.08K","0.27%"
"08/03/2023","87.64","87.95","89.15","87.37","29.69K","-0.39%"
"08/02/2023","87.99","88.17","89.39","87.60","41.21K","-1.15%"
"08/01/2023","89.00","88.98","89.06","88.60","52.46K","0.24%"
"07/31/2023","88.79","88.77","89.27","88.51","25.87K","-0.05%"
"07/28/2023","88.83","88.56","88.82","88.27","19.65K","0.21%"
"07/27/2023","88.64","88.02","88.97","87.92","21.71K","1.22%"
"07/26/2023","87.57","88.10","88.13","87.50","16.21K","-0.62%"
"07/25/2023","88.12","88.20","88.38","88.01","13.92K","-0.10%"
"07/24/2023","88.21","87.48","88.27","87.37","35.77K","0.39%"
"07/21/2023","87.87","87.52","88.13","87.45","16.75K","0.03%"
"07/20/2023","87.85","87.59","88.02","87.50","18.92K","-0.20%"
"07/19/2023","88.03","87.34","88.19","87.31","44.72K","1.89%"
"07/18/2023","86.39","85.95","86.41","85.79","13.11K","0.51%"
"07/17/2023","85.95","85.78","85.97","85.62","53.50K","0.10%"
"07/14/2023","85.86","85.80","86.27","85.67","22.41K","0.16%"
"07/13/2023","85.72","85.86","85.97","85.61","18.40K","-0.08%"
"07/12/2023","85.79","85.07","85.90","85.04","18.19K","0.93%"
"07/11/2023","85.00","85.10","85.10","84.62","23.22K","0.06%"
"07/10/2023","84.95","84.61","85.31","84.54","21.36K","-0.07%"
"07/07/2023","85.01","85.53","85.53","84.98","20.93K","-0.23%"
"07/06/2023","85.21","86.21","86.28","85.13","27.30K","-1.62%"
"07/05/2023","86.61","86.71","87.02","86.39","17.68K","-0.32%"
"07/04/2023","86.89","87.15","87.19","86.82","20.74K","-0.25%"
"07/03/2023","87.11","87.10","87.49","86.95","26.61K","0.48%"
"06/30/2023","86.69","86.56","86.84","86.27","33.38K","0.30%"
"06/29/2023","86.43","86.17","86.52","86.06","23.47K","0.34%"
"06/28/2023","86.14","85.87","86.32","85.38","27.16K","1.22%"
"06/27/2023","85.11","84.98","85.07","84.77","14.77K","0.15%"
"06/26/2023","84.98","85.03","85.38","84.60","34.51K","0.04%"
"06/23/2023","84.94","85.28","85.75","84.86","26.72K","-0.60%"
"06/22/2023","85.46","85.64","85.91","84.75","13.97K","-0.33%"
"06/21/2023","85.74","85.58","86.30","85.48","14.55K","-0.05%"
"06/20/2023","85.78","86.03","86.30","85.73","12.80K","-0.31%"
"06/19/2023","86.05","86.12","86.23","85.96","33.55K","-0.47%"
"06/16/2023","86.46","86.59","86.89","86.27","28.55K","-0.25%"
"06/15/2023","86.67","86.54","86.82","86.00","66.15K","0.06%"
"06/14/2023","86.61","86.74","86.89","86.28","18.53K","-0.19%"
"06/13/2023","86.78","86.70","86.94","86.47","24.24K","0.54%"
"06/12/2023","86.32","85.97","86.39","85.79","39.24K","0.78%"
"06/09/2023","85.65","85.74","86.00","85.50","20.66K","0.05%"
"06/08/2023","85.61","85.81","85.97","85.45","45.45K","-0.55%"
"06/07/2023","86.08","86.43","86.50","85.89","20.61K","-0.38%"
"06/06/2023","86.41","86.05","86.55","85.95","26.91K","0.12%"
"06/05/2023","86.31","86.28","86.67","86.13","41.30K","0.45%"
"06/02/2023","85.92","84.74","85.91","84.41","16.81K","2.21%"
"06/01/2023","84.06","84.19","84.50","83.53","36.28K","0.23%"
"05/31/2023","83.87","84.41","84.81","83.87","24.05K","-1.07%"
"05/30/2023","84.78","85.50","85.56","84.65","36.05K","-0.70%"
"05/26/2023","85.38","84.53","85.56","84.30","27.14K","1.20%"
"05/25/2023","84.37","84.40","84.61","84.10","21.32K","0.46%"
"05/24/2023","83.98","84.48","84.48","83.78","15.58K","-1.22%"
"05/23/2023","85.02","85.22","85.43","84.95","33.80K","-0.54%"
"05/22/2023","85.49","85.26","85.53","85.03","29.60K","0.59%"
"05/19/2023","84.99","85.27","85.55","85.00","33.96K","0.00%"
"05/18/2023","84.99","84.58","85.09","84.40","28.39K","1.28%"
"05/17/2023","83.92","83.89","84.14","83.81","19.21K","0.00%"
"05/16/2023","83.91","84.10","84.27","83.64","18.47K","0.05%"
"05/15/2023","83.87","84.22","84.41","83.60","11.01K","0.09%"
"05/12/2023","83.79","83.79","84.14","83.63","17.12K","0.21%"
"05/11/2023","83.62","83.50","83.83","83.30","30.71K","0.52%"
"05/10/2023","83.19","83.16","83.68","82.80","55.30K","0.07%"
"05/09/2023","83.13","83.32","83.40","83.06","23.10K","0.07%"
"05/05/2023","83.07","82.47","83.21","82.37","25.67K","0.88%"
"05/04/2023","82.35","82.91","83.22","81.99","42.36K","-1.04%"
"05/03/2023","83.21","83.57","83.81","83.19","19.55K","-0.06%"
"05/02/2023","83.26","84.22","84.72","83.17","55.74K","-0.43%"
"04/28/2023","83.62","83.90","84.01","83.46","65.87K","0.19%"
"04/27/2023","83.46","83.44","83.52","83.07","62.39K","0.28%"
"04/26/2023","83.23","83.79","83.79","82.86","20.27K","-0.89%"
"04/25/2023","83.97","83.93","84.25","83.71","25.34K","-0.18%"
"04/24/2023","84.13","84.17","84.50","84.09","17.35K","-0.31%"
"04/21/2023","84.39","84.40","84.69","84.29","28.04K","0.07%"
"04/20/2023","84.33","84.57","84.58","84.13","19.55K","-0.20%"
"04/19/2023","84.50","84.46","84.61","84.26","24.00K","-0.39%"
"04/18/2023","84.83","84.99","85.20","84.73","32.57K","-0.05%"
"04/17/2023","84.88","84.90","85.17","84.57","30.14K","0.57%"
"04/14/2023","84.39","84.12","84.84","84.00","20.09K","0.68%"
"04/13/2023","83.82","83.60","83.88","83.37","69.06K","0.14%"
"04/12/2023","83.71","83.87","84.55","83.52","59.92K","-0.21%"
"04/11/2023","83.88","83.86","84.37","83.71","99.08K","0.70%"
"04/06/2023","83.29","83.06","83.40","82.92","39.28K","0.49%"
"04/05/2023","82.89","83.34","83.56","82.85","40.62K","-0.51%"
"04/04/2023","83.31","84.07","84.12","83.13","37.20K","-0.70%"
"04/03/2023","83.90","84.30","84.39","83.80","22.57K","0.23%"
"03/31/2023","83.71","83.13","83.78","83.08","28.27K","0.68%"
"03/30/2023","83.14","82.96","83.42","82.84","35.24K","0.66%"
"03/29/2023","82.60","82.26","82.68","82.03","24.77K","1.10%"
"03/28/2023","81.71","82.09","82.28","81.65","18.31K","-0.38%"
"03/27/2023","82.02","82.40","82.69","81.89","24.11K","0.56%"
"03/24/2023","81.57","81.98","82.05","81.15","33.68K","-0.75%"
"03/23/2023","82.18","81.92","82.49","81.57","21.45K","-0.40%"
"03/22/2023","82.51","82.24","82.79","82.04","35.30K","0.13%"
"03/21/2023","82.41","81.71","82.48","81.56","14.62K","1.83%"
"03/20/2023","80.93","80.57","81.45","80.11","40.64K","-0.31%"
"03/17/2023","81.18","82.30","82.54","80.95","45.85K","-0.91%"
"03/16/2023","81.93","81.59","81.97","80.81","39.93K","1.56%"
"03/15/2023","80.67","81.88","82.14","80.38","63.68K","-1.50%"
"03/14/2023","81.89","80.88","82.15","80.70","34.92K","0.82%"
"03/13/2023","81.22","82.55","82.59","80.43","81.26K","-1.93%"
"03/10/2023","82.82","82.93","87.00","82.00","54.64K","-2.59%"
"03/09/2023","85.03","85.46","85.57","84.98","16.93K","-0.63%"
"03/08/2023","85.57","85.43","85.74","85.31","35.14K","-0.08%"
"03/07/2023","85.64","85.45","85.81","85.29","40.95K","-0.10%"
"03/06/2023","85.72","85.44","85.88","85.30","41.42K","0.54%"
"03/03/2023","85.26","84.58","85.38","84.50","23.65K","1.31%"
"03/02/2023","84.16","83.63","84.25","83.48","57.38K","0.51%"
"03/01/2023","83.73","83.89","84.37","83.73","68.50K","0.44%"
"02/28/2023","83.36","83.66","83.77","83.13","40.11K","-0.90%"
"02/27/2023","84.12","84.37","84.57","84.13","22.80K","0.18%"
"02/24/2023","83.96","84.57","84.73","83.62","21.54K","-0.33%"
"02/23/2023","84.24","84.44","84.94","84.24","30.84K","0.12%"
"02/22/2023","84.14","83.98","84.15","83.80","21.65K","-0.07%"
"02/21/2023","84.19","85.69","86.04","84.16","37.92K","-1.87%"
"02/20/2023","85.80","86.22","86.23","85.69","31.67K","0.16%"
"02/17/2023","85.66","86.34","86.40","85.64","10.85K","-1.27%"
"02/16/2023","86.76","87.16","87.20","86.40","18.67K","0.02%"
"02/15/2023","86.74","85.86","86.73","85.85","30.76K","1.34%"
"02/14/2023","85.59","86.17","86.21","85.50","30.00K","-0.49%"
"02/13/2023","86.01","85.75","86.07","85.59","20.90K","0.51%"
"02/10/2023","85.57","85.49","85.66","84.94","17.86K","-0.49%"
"02/09/2023","86.00","86.53","86.85","85.95","22.26K","-0.23%"
"02/08/2023","86.20","86.87","86.97","86.19","14.25K","-0.22%"
"02/07/2023","86.39","86.50","86.79","86.22","11.52K","-0.15%"
"02/06/2023","86.52","86.47","86.59","86.00","31.52K","-0.90%"
"02/03/2023","87.31","86.62","87.33","85.91","26.58K","1.04%"
"02/02/2023","86.41","84.99","86.41","84.67","37.18K","2.47%"
"02/01/2023","84.32","84.31","84.48","84.01","15.87K","0.49%"
"01/31/2023","83.91","83.34","83.93","82.94","16.09K","0.26%"
"01/30/2023","83.69","83.57","84.00","83.20","13.21K","-0.30%"
"01/27/2023","83.94","83.86","84.22","83.70","8.27K","0.45%"
"01/26/2023","83.57","83.49","84.98","83.38","9.50K","0.89%"
"01/25/2023","82.83","83.67","83.67","82.41","24.10K","-0.96%"
"01/24/2023","83.64","83.23","83.75","83.15","16.10K","0.34%"
"01/23/2023","83.36","82.39","83.54","82.28","20.60K","1.68%"
"01/20/2023","81.97","81.73","81.97","81.47","26.68K","0.98%"
"01/19/2023","81.18","81.92","82.04","81.19","13.64K","-1.43%"
"01/18/2023","82.36","83.14","83.38","82.41","11.28K","-0.91%"
"01/17/2023","83.11","83.45","83.92","83.01","25.97K","-0.73%"
"01/16/2023","83.72","83.72","83.84","83.32","20.21K","0.51%"
"01/13/2023","83.30","83.31","83.48","82.90","8.31K","0.01%"
"01/12/2023","83.29","83.07","83.98","82.85","30.81K","0.56%"
"01/11/2023","82.83","82.19","82.92","82.16","10.11K","1.31%"
"01/10/2023","81.76","81.77","82.00","81.55","20.65K","-0.84%"
"01/09/2023","82.45","81.88","82.56","81.71","11.64K","0.80%"
"01/06/2023","81.79","81.65","82.36","81.48","24.92K","0.48%"
"01/05/2023","81.40","81.31","82.42","81.17","19.60K","0.00%"
"01/04/2023","81.40","81.02","81.49","80.75","15.25K","0.80%"
"01/03/2023","80.76","81.08","82.29","80.42","37.50K","0.49%"
"12/30/2022","80.37","80.34","80.63","80.28","5.57K","-0.14%"
"12/29/2022","80.49","79.78","80.88","79.63","16.56K","0.66%"
"12/28/2022","79.96","80.65","80.90","79.86","36.93K","-0.24%"
"12/23/2022","80.15","80.11","80.29","80.03","3.81K","0.31%"
"12/22/2022","79.90","80.79","81.77","79.83","10.53K","-1.11%"
"12/21/2022","80.80","79.47","80.86","79.36","16.10K","1.96%"
"12/20/2022","79.25","78.80","79.70","78.66","12.36K","-0.05%"
"12/19/2022","79.29","79.62","79.99","79.29","14.06K","-0.33%"
"12/16/2022","79.56","80.14","80.28","79.30","79.19K","-0.53%"
"12/15/2022","79.98","80.46","84.70","79.72","27.52K","-1.91%"
"12/14/2022","81.54","81.43","81.69","81.06","7.90K","-0.20%"
"12/13/2022","81.71","81.15","82.64","81.03","4.58K","1.28%"
"12/12/2022","80.68","80.52","80.79","80.25","11.00K","-0.33%"
"12/09/2022","80.94","81.39","81.43","80.77","8.25K","-0.18%"
"12/08/2022","81.09","80.93","81.40","80.74","10.83K","0.44%"
"12/07/2022","80.74","81.21","81.27","80.40","13.42K","-0.23%"
"12/06/2022","80.93","81.84","82.24","80.84","12.10K","-1.77%"
"12/05/2022","82.38","82.38","82.72","81.96","9.29K","0.04%"
"12/02/2022","82.35","82.59","82.84","82.04","14.37K","-0.42%"
"12/01/2022","82.70","83.94","83.95","82.28","11.70K","0.04%"
"11/30/2022","82.67","82.79","83.01","82.29","9.30K","0.78%"
"11/29/2022","82.03","82.38","82.59","82.07","7.48K","-0.35%"
"11/28/2022","82.32","82.25","82.57","81.77","17.46K","-0.21%"
"11/25/2022","82.49","82.69","82.75","82.39","5.88K","0.01%"
"11/24/2022","82.48","82.74","83.17","82.41","23.48K","-0.05%"
"11/23/2022","82.53","83.18","83.36","82.40","6.23K","-0.31%"
"11/22/2022","82.78","82.43","82.86","82.26","10.17K","0.16%"
"11/21/2022","82.64","82.58","82.79","82.40","13.08K","0.33%"
"11/18/2022","82.37","82.23","83.00","82.12","6.60K","-0.13%"
"11/17/2022","82.48","82.60","82.69","82.05","8.98K","-0.37%"
"11/16/2022","82.79","83.47","83.67","82.46","19.19K","-1.07%"
"11/15/2022","83.68","83.70","83.84","83.20","12.63K","-0.18%"
"11/14/2022","83.83","83.57","84.18","83.14","8.07K","0.60%"
"11/11/2022","83.33","83.66","84.05","83.15","28.18K","0.44%"
"11/10/2022","82.97","81.31","83.77","81.19","24.56K","1.09%"
"11/09/2022","82.07","81.75","82.34","81.56","12.47K","0.18%"
"11/08/2022","81.93","81.49","82.21","81.36","4.62K","0.74%"
"11/07/2022","81.32","81.75","81.83","81.15","12.82K","-0.36%"
"11/04/2022","81.61","81.78","82.52","81.34","14.95K","0.17%"
"11/03/2022","81.48","80.70","81.58","80.61","11.44K","0.38%"
"11/02/2022","81.17","81.65","81.83","81.04","27.59K","-0.62%"
"11/01/2022","81.68","81.83","82.27","81.48","11.53K","0.42%"
"10/31/2022","81.33","81.27","81.50","80.66","12.24K","1.23%"
"10/28/2022","80.35","79.53","80.60","79.19","28.47K","0.06%"
"10/27/2022","80.30","80.46","81.04","80.00","9.30K","-0.80%"
"10/26/2022","80.95","80.67","81.10","80.06","10.58K","0.13%"
"10/25/2022","80.85","81.12","81.38","80.16","5.36K","0.15%"
"10/24/2022","80.72","80.12","81.31","79.56","16.29K","0.67%"
"10/21/2022","80.18","79.73","80.90","79.45","13.34K","0.07%"
"10/20/2022","80.13","79.88","80.60","79.61","3.78K","0.10%"
"10/19/2022","80.05","80.44","80.68","79.83","11.52K","0.23%"
"10/18/2022","79.87","80.21","81.05","79.84","13.42K","1.31%"
"10/17/2022","78.83","78.48","79.36","78.30","16.29K","-0.07%"
"10/14/2022","78.89","79.68","80.55","78.76","37.03K","0.99%"
"10/13/2022","78.12","79.30","84.70","76.36","42.60K","-1.51%"
"10/12/2022","79.32","80.35","80.46","79.08","33.88K","-0.02%"
"10/11/2022","79.33","80.04","80.07","79.05","41.14K","-1.20%"
"10/10/2022","80.29","80.51","81.05","80.05","15.34K","-0.80%"
"10/07/2022","80.93","81.82","82.17","80.82","11.26K","-1.73%"
"10/06/2022","82.36","81.77","82.48","81.54","25.64K","1.12%"
"10/05/2022","81.45","80.86","81.82","80.75","10.74K","0.22%"
"10/04/2022","81.27","80.14","81.52","80.12","17.48K","2.24%"
"10/03/2022","79.49","78.76","79.66","78.29","33.65K","-1.09%"
"09/30/2022","80.36","80.05","80.78","79.73","22.89K","-0.11%"
"09/29/2022","80.46","83.06","83.34","80.28","19.11K","-3.58%"
"09/28/2022","83.44","83.00","83.82","81.90","12.25K","0.46%"
"09/27/2022","83.06","83.46","83.85","83.00","22.98K","-1.01%"
"09/26/2022","83.90","84.09","84.39","82.39","29.26K","1.66%"
"09/23/2022","82.53","81.86","82.76","81.40","18.48K","0.89%"
"09/22/2022","81.81","82.25","82.73","81.60","22.85K","-1.98%"
"09/21/2022","83.46","82.88","83.58","82.69","22.33K","0.70%"
"09/20/2022","82.88","83.71","83.90","82.64","11.49K","0.08%"
"09/16/2022","82.82","83.27","83.59","82.79","14.66K","-1.03%"
"09/15/2022","83.68","83.99","84.39","83.44","16.11K","0.05%"
"09/14/2022","83.64","84.21","84.39","83.28","7.48K","-1.12%"
"09/13/2022","84.58","85.88","87.15","84.45","21.48K","-1.40%"
"09/12/2022","85.79","85.68","86.00","85.12","11.74K","0.51%"
"09/09/2022","85.35","84.56","85.57","84.50","7.93K","0.77%"
"09/08/2022","84.69","84.32","84.71","83.76","9.00K","1.17%"
"09/07/2022","83.71","82.93","83.87","82.84","9.36K","0.50%"
"09/06/2022","83.30","83.61","83.71","82.26","17.98K","-0.56%"
"09/05/2022","83.77","83.93","84.06","83.45","11.92K","-1.00%"
"09/02/2022","84.61","83.90","84.79","83.47","16.79K","1.98%"
"09/01/2022","82.97","83.36","83.68","82.92","22.06K","-1.14%"
"08/31/2022","83.93","84.39","84.82","83.81","5.84K","-0.02%"
"08/30/2022","83.95","84.63","85.20","83.74","16.37K","-1.51%"
"08/26/2022","85.24","86.93","86.93","85.33","5.94K","-0.82%"
"08/25/2022","85.94","86.36","86.45","85.63","11.21K","0.32%"
"08/24/2022","85.68","84.99","85.74","84.63","18.16K","0.78%"
"08/23/2022","85.01","85.48","85.89","84.90","13.40K","-0.89%"
"08/22/2022","85.78","86.44","86.59","85.50","17.70K","-1.12%"
"08/19/2022","86.75","86.85","87.50","86.63","16.37K","0.07%"
"08/18/2022","86.69","86.57","86.60","86.11","11.17K","0.64%"
"08/17/2022","86.14","86.59","86.85","85.94","12.03K","-0.36%"
"08/16/2022","86.45","86.68","87.15","86.03","14.59K","0.13%"
"08/15/2022","86.33","86.21","86.50","85.76","23.54K","0.79%"
"08/12/2022","85.66","84.98","86.03","84.69","14.71K","0.80%"
"08/11/2022","84.98","84.85","85.25","84.48","13.07K","0.93%"
"08/10/2022","84.20","83.56","85.19","83.37","13.33K","0.53%"
"08/09/2022","83.76","84.19","84.43","83.39","20.98K","-0.64%"
"08/08/2022","84.30","84.18","84.59","83.95","14.66K","0.76%"
"08/05/2022","83.67","83.80","84.30","83.17","15.37K","-0.04%"
"08/04/2022","83.70","83.43","84.39","83.34","21.09K","0.26%"
"08/03/2022","83.48","82.58","83.67","82.25","17.23K","1.02%"
"08/02/2022","82.64","82.64","82.74","82.03","17.82K","-0.24%"
"08/01/2022","82.83","82.90","83.21","82.33","23.10K","0.21%"
"07/29/2022","82.67","82.23","83.45","82.15","14.48K","0.63%"
"07/28/2022","82.15","81.48","82.08","81.06","14.75K","0.93%"
"07/27/2022","81.39","81.00","81.55","80.87","5.49K","0.82%"
"07/26/2022","80.72","81.30","81.76","80.65","2.87K","-0.78%"
"07/25/2022","81.36","81.50","81.88","80.89","16.95K","-0.31%"
"07/22/2022","81.61","81.98","82.48","81.66","13.35K","-0.12%"
"07/21/2022","81.71","81.49","82.11","81.39","8.62K","0.21%"
"07/20/2022","81.54","81.37","81.68","80.86","10.13K","1.14%"
"07/19/2022","80.61","79.51","80.56","79.26","10.02K","0.64%"
"07/18/2022","80.10","80.52","80.72","79.88","18.01K","0.16%"
"07/15/2022","79.97","79.05","80.22","78.77","8.19K","1.67%"
"07/14/2022","78.66","79.43","79.43","78.20","18.04K","-0.48%"
"07/13/2022","79.04","79.60","80.19","78.23","10.84K","-1.35%"
"07/12/2022","80.12","79.69","80.24","79.65","7.29K","-0.12%"
"07/11/2022","80.21","79.75","80.50","79.72","21.56K","-0.47%"
"07/08/2022","80.60","80.23","80.75","80.00","12.41K","0.39%"
"07/07/2022","80.28","79.90","80.47","79.60","6.27K","1.17%"
"07/06/2022","79.35","79.29","79.98","79.06","9.38K","1.37%"
"07/05/2022","78.28","79.05","79.43","78.00","9.84K","-0.37%"
"07/04/2022","78.57","78.54","78.78","78.24","6.18K","-0.03%"
"07/01/2022","78.59","77.69","79.31","77.00","18.71K","0.84%"
"06/30/2022","77.93","77.81","78.09","76.93","7.46K","-1.23%"
"06/29/2022","78.90","78.44","79.41","77.96","8.02K","-0.74%"
"06/28/2022","79.49","79.80","80.74","79.49","16.90K","-0.04%"
"06/27/2022","79.53","79.40","80.12","79.06","13.13K","0.87%"
"06/24/2022","78.84","77.71","78.89","77.56","18.47K","2.24%"
"06/23/2022","77.11","76.95","77.67","76.63","13.57K","0.12%"
"06/22/2022","77.02","76.45","77.34","75.91","5.14K","-0.30%"
"06/21/2022","77.25","76.66","77.51","76.61","14.39K","1.12%"
"06/20/2022","76.39","76.02","76.52","75.89","16.86K","0.67%"
"06/17/2022","75.89","75.77","76.54","75.44","55.60K","0.78%"
"06/16/2022","75.30","78.01","78.12","75.24","33.59K","-4.27%"
"06/15/2022","78.66","78.63","79.32","78.14","11.22K","0.40%"
"06/14/2022","78.35","78.58","78.95","78.01","11.77K","0.59%"
"06/13/2022","77.89","78.44","78.93","77.52","33.07K","-2.03%"
"06/10/2022","79.50","80.86","80.96","79.38","22.74K","-2.39%"
"06/09/2022","81.46","82.20","82.66","81.00","16.43K","-1.45%"
"06/08/2022","82.65","82.52","82.89","82.28","8.79K","0.84%"
"06/07/2022","81.97","82.27","82.46","81.64","14.04K","-0.69%"
"06/06/2022","82.54","82.43","83.24","82.31","11.15K","0.76%"
"06/01/2022","81.92","82.33","83.80","81.84","18.45K","0.08%"
"05/31/2022","81.86","82.43","82.77","81.72","12.03K","-0.81%"
"05/30/2022","82.53","82.68","83.03","82.29","23.80K","1.04%"
"05/27/2022","81.68","80.60","81.75","80.39","6.63K","1.35%"
"05/26/2022","80.58","79.59","80.77","79.19","17.76K","1.45%"
"05/25/2022","79.43","79.78","79.78","78.83","9.89K","1.19%"
"05/24/2022","78.50","78.58","79.63","78.32","17.09K","-1.22%"
"05/23/2022","79.46","79.38","79.60","78.54","17.73K","1.26%"
"05/20/2022","78.48","79.40","79.86","78.33","20.83K","0.00%"
"05/19/2022","78.49","79.29","79.52","78.06","20.96K","-1.89%"
"05/18/2022","80.00","81.10","81.75","80.00","11.90K","-1.13%"
"05/17/2022","80.91","80.94","81.47","80.57","11.68K","-0.10%"
"05/16/2022","80.99","81.03","81.54","80.81","29.29K","-0.60%"
"05/13/2022","81.48","80.72","81.61","80.18","22.71K","2.17%"
"05/12/2022","79.75","79.42","80.24","78.72","26.40K","-1.19%"
"05/11/2022","80.71","80.27","80.98","79.50","21.67K","1.22%"
"05/10/2022","79.74","80.52","81.30","79.53","28.34K","-0.49%"
"05/09/2022","80.13","82.25","82.25","80.10","30.49K","-2.65%"
"05/06/2022","82.31","83.06","83.25","81.52","33.72K","-0.75%"
"05/05/2022","82.93","84.58","86.60","82.66","20.88K","0.79%"
"05/04/2022","82.28","83.04","83.11","82.20","15.24K","-0.84%"
"05/03/2022","82.97","82.54","83.08","82.23","32.18K","-0.40%"
"04/29/2022","83.31","84.27","84.38","83.10","13.25K","-0.22%"
"04/28/2022","83.50","83.23","84.17","83.00","11.12K","0.97%"
"04/27/2022","82.69","82.29","82.83","81.91","17.57K","0.58%"
"04/26/2022","82.22","82.97","83.28","82.08","7.61K","0.35%"
"04/25/2022","81.93","81.94","82.50","81.61","27.43K","-1.50%"
"04/22/2022","83.18","83.60","83.95","83.01","18.85K","-1.22%"
"04/21/2022","84.21","84.40","84.91","83.87","9.59K","0.07%"
"04/20/2022","84.16","83.98","84.51","83.95","25.92K","0.18%"
"04/19/2022","84.01","83.75","84.18","82.58","15.06K","0.30%"
"04/14/2022","83.75","83.70","84.09","83.42","21.20K","-0.05%"
"04/13/2022","83.79","84.00","84.32","83.43","15.18K","-0.47%"
"04/12/2022","84.19","83.51","84.59","83.10","19.99K","0.34%"
"04/11/2022","83.90","84.71","84.95","83.77","39.61K","-1.51%"
"04/08/2022","85.19","85.04","85.46","84.53","24.30K","1.25%"
"04/07/2022","84.14","84.49","84.83","84.17","53.17K","-0.23%"
"04/06/2022","84.34","85.67","85.80","84.17","54.99K","-1.61%"
"04/05/2022","85.72","86.19","86.63","85.53","29.84K","-0.55%"
"04/04/2022","86.19","85.79","86.31","85.43","30.96K","0.82%"
"04/01/2022","85.49","85.66","86.19","85.37","38.17K","-0.47%"
"03/31/2022","85.89","86.52","86.73","85.84","11.92K","-0.52%"
"03/30/2022","86.33","86.79","87.12","86.12","33.88K","-0.10%"
"03/29/2022","86.42","85.92","87.17","85.69","42.29K","1.43%"
"03/28/2022","85.20","84.61","85.57","84.32","25.37K","0.97%"
"03/25/2022","84.39","84.57","84.94","84.02","9.92K","0.28%"
"03/24/2022","84.15","83.97","84.53","83.86","9.76K","0.08%"
"03/23/2022","84.08","84.25","84.58","83.82","11.58K","0.00%"
"03/22/2022","84.08","84.22","84.38","83.52","19.72K","0.30%"
"03/21/2022","83.83","83.62","84.22","83.43","26.26K","0.49%"
"03/18/2022","83.42","83.05","83.85","82.73","24.42K","0.85%"
"03/17/2022","82.71","82.57","82.94","81.74","9.11K","0.75%"
"03/16/2022","82.10","81.43","82.52","81.30","18.01K","2.39%"
"03/15/2022","80.18","79.02","80.11","78.63","14.16K","0.60%"
"03/14/2022","79.71","80.46","80.73","79.60","15.19K","-0.85%"
"03/11/2022","80.39","80.72","81.85","80.40","12.36K","0.94%"
"03/10/2022","79.64","80.78","80.78","79.50","21.73K","-0.75%"
"03/09/2022","80.25","79.43","80.53","79.10","31.19K","2.26%"
"03/08/2022","78.47","78.38","79.61","78.18","13.25K","-1.83%"
"03/07/2022","79.93","79.49","80.63","78.81","28.25K","-0.34%"
"03/04/2022","80.21","81.04","81.22","79.98","19.68K","-1.10%"
"03/03/2022","81.10","81.65","82.08","80.96","7.49K","-0.71%"
"03/02/2022","81.68","81.00","81.88","80.53","18.78K","0.72%"
"03/01/2022","81.10","81.97","82.26","80.98","38.36K","-0.99%"
"02/28/2022","81.92","80.93","82.02","80.56","20.04K","0.18%"
"02/25/2022","81.76","79.95","81.84","79.65","17.50K","3.53%"
"02/24/2022","78.97","77.92","79.44","77.52","48.26K","-1.52%"
"02/23/2022","80.19","80.61","81.14","79.92","13.34K","-0.66%"
"02/22/2022","80.72","79.74","81.48","79.51","28.93K","0.47%"
"02/21/2022","80.35","81.68","81.94","80.02","30.83K","-1.26%"
"02/18/2022","81.37","82.21","82.32","81.22","10.04K","-1.12%"
"02/17/2022","82.29","83.20","83.49","82.00","7.39K","-0.78%"
"02/16/2022","82.94","83.40","83.78","82.69","9.93K","-0.44%"
"02/15/2022","83.31","82.06","83.54","81.77","10.28K","1.20%"
"02/14/2022","82.32","82.51","82.81","81.47","15.55K","-1.35%"
"02/11/2022","83.44","83.60","84.14","83.29","8.63K","-1.10%"
"02/10/2022","84.37","85.35","85.35","83.99","21.33K","-0.57%"
"02/09/2022","84.86","84.11","85.02","83.92","13.36K","1.54%"
"02/08/2022","83.57","83.27","83.59","82.89","12.66K","0.00%"
"02/07/2022","83.57","83.42","83.90","83.04","14.32K","0.91%"
"02/04/2022","82.82","83.68","83.94","82.59","9.89K","-0.52%"
"02/03/2022","83.25","83.98","84.06","83.15","14.15K","-1.03%"
"02/02/2022","84.12","84.52","85.11","84.03","6.94K","0.36%"
"02/01/2022","83.82","83.81","84.37","83.42","12.72K","0.49%"
"01/31/2022","83.41","82.71","83.53","82.32","23.74K","2.20%"
"01/28/2022","81.61","81.82","82.09","80.49","14.23K","-0.86%"
"01/27/2022","82.32","81.12","83.07","80.84","24.48K","-0.07%"
"01/26/2022","82.39","81.78","83.06","81.59","31.26K","1.45%"
"01/25/2022","81.21","81.66","82.19","80.59","34.17K","0.60%"
"01/24/2022","80.72","82.65","83.00","80.43","33.35K","-3.60%"
"01/21/2022","83.74","83.44","83.94","82.59","33.62K","-1.26%"
"01/20/2022","84.80","84.57","84.94","83.91","18.09K","0.59%"
"01/19/2022","84.30","84.06","85.21","83.59","20.21K","-0.60%"
"01/18/2022","84.81","85.56","85.56","84.53","12.36K","-1.13%"
"01/17/2022","85.78","85.38","85.93","85.17","11.34K","0.91%"
"01/14/2022","85.01","85.20","85.46","84.51","18.31K","-1.28%"
"01/13/2022","86.11","86.02","86.65","85.85","7.27K","-0.10%"
"01/12/2022","86.19","86.49","86.87","86.04","14.81K","0.45%"
"01/11/2022","85.81","85.69","86.02","85.36","16.78K","1.14%"
"01/10/2022","84.84","86.35","86.35","84.37","28.94K","-1.13%"
"01/07/2022","85.81","86.38","86.59","85.54","20.07K","-0.74%"
"01/06/2022","86.45","86.41","86.75","85.93","22.79K","-1.39%"
"01/05/2022","87.67","87.73","88.06","87.52","14.76K","-0.06%"
"01/04/2022","87.72","88.33","88.66","87.63","23.56K","-0.03%"
"12/31/2021","87.75","87.65","88.04","87.53","5.79K","-0.31%"
"12/30/2021","88.02","87.92","88.22","87.62","7.94K","0.31%"
"12/29/2021","87.75","88.33","88.67","87.52","14.61K","0.35%"
"12/24/2021","87.44","87.59","87.70","87.10","2.05K","-0.17%"
"12/23/2021","87.59","87.68","87.74","87.04","6.09K","0.59%"
"12/22/2021","87.07","86.60","87.24","86.47","8.22K","0.63%"
"12/21/2021","86.53","86.62","87.07","86.13","14.28K","1.18%"
"12/20/2021","85.52","85.75","86.50","85.33","24.67K","-1.95%"
"12/17/2021","87.22","87.14","87.35","86.28","6.49K","-0.55%"
"12/16/2021","87.71","88.37","88.64","87.51","15.88K","1.14%"
"12/15/2021","86.72","86.91","87.07","86.54","16.41K","0.04%"
"12/14/2021","86.68","88.00","88.20","86.61","13.72K","-1.01%"
"12/13/2021","87.57","88.48","88.75","87.46","22.09K","-0.58%"
"12/10/2021","88.08","88.30","88.67","87.87","8.75K","-0.43%"
"12/09/2021","88.46","88.82","89.04","88.25","7.38K","0.10%"
"12/08/2021","88.37","88.30","89.21","88.28","8.46K","0.12%"
"12/07/2021","88.26","86.95","88.32","86.95","21.51K","2.32%"
"12/06/2021","86.25","86.21","86.45","85.34","9.84K","0.82%"
"12/03/2021","85.55","86.26","86.72","85.17","13.72K","-0.22%"
"12/02/2021","85.74","85.63","85.89","84.62","18.77K","-1.46%"
"12/01/2021","87.01","86.30","87.13","86.12","4.49K","1.17%"
"11/30/2021","86.00","85.87","86.55","85.23","20.10K","-0.57%"
"11/29/2021","86.49","86.73","87.07","86.11","13.92K","0.74%"
"11/26/2021","85.86","86.76","86.99","85.73","24.31K","-2.60%"
"11/25/2021","88.15","88.33","88.36","87.78","4.94K","0.41%"
"11/24/2021","87.79","87.58","87.82","87.11","6.25K","0.56%"
"11/23/2021","87.31","87.69","87.94","87.01","13.31K","-0.82%"
"11/22/2021","88.03","88.03","88.40","87.70","24.84K","0.34%"
"11/19/2021","87.73","88.00","88.33","87.56","14.74K","0.14%"
"11/18/2021","87.61","87.69","88.04","87.26","13.21K","-0.35%"
"11/17/2021","87.92","88.14","88.37","87.78","21.76K","-0.67%"
"11/16/2021","88.50","88.11","88.51","87.93","28.51K","0.24%"
"11/15/2021","88.29","88.22","88.63","88.03","13.65K","0.05%"
"11/12/2021","88.25","87.99","88.32","87.81","16.83K","0.20%"
"11/11/2021","88.07","87.78","88.12","87.69","14.49K","0.51%"
"11/10/2021","87.62","87.29","87.77","87.18","20.36K","0.37%"
"11/09/2021","87.30","87.34","87.94","87.08","11.19K","-0.31%"
"11/08/2021","87.57","87.75","88.08","87.37","24.09K","-0.34%"
"11/05/2021","87.86","87.41","88.40","87.41","37.59K","0.50%"
"11/04/2021","87.43","86.40","87.69","86.10","17.42K","1.98%"
"11/03/2021","85.73","85.98","86.33","85.68","15.30K","-0.45%"
"11/02/2021","86.12","85.64","86.23","85.62","18.48K","0.56%"
"11/01/2021","85.64","85.51","85.93","85.22","20.41K","0.79%"
"10/29/2021","84.97","84.31","84.98","84.00","8.46K","0.56%"
"10/28/2021","84.50","84.25","84.65","84.25","5.89K","-0.24%"
"10/27/2021","84.70","84.63","85.07","84.27","18.77K","-0.28%"
"10/26/2021","84.93","84.69","85.14","84.55","4.48K","0.56%"
"10/25/2021","84.46","84.42","84.83","84.17","16.66K","0.34%"
"10/22/2021","84.17","84.13","84.53","83.88","7.67K","0.48%"
"10/21/2021","83.76","83.68","84.03","83.37","5.11K","-0.24%"
"10/20/2021","83.97","83.78","84.24","83.66","8.07K","0.25%"
"10/19/2021","83.76","84.04","84.04","83.41","5.68K","0.17%"
"10/18/2021","83.61","83.19","83.72","83.00","20.05K","0.27%"
"10/15/2021","83.39","83.46","83.53","82.86","17.24K","0.33%"
"10/14/2021","83.11","82.52","83.07","82.21","7.57K","1.35%"
"10/13/2021","82.01","81.88","82.29","81.71","18.20K","-0.21%"
"10/12/2021","82.18","81.58","82.35","81.16","13.87K","-0.63%"
"10/11/2021","82.71","82.16","82.87","81.78","29.03K","0.18%"
"10/08/2021","82.56","82.69","82.87","82.36","10.67K","-0.36%"
"10/07/2021","82.85","82.40","83.01","82.28","5.93K","1.98%"
"10/06/2021","81.24","81.33","81.51","80.62","21.09K","-0.68%"
"10/05/2021","81.79","81.07","82.01","80.82","11.38K","1.23%"
"10/04/2021","80.81","81.85","82.34","80.76","15.23K","-1.29%"
"10/01/2021","81.86","81.75","82.41","81.26","18.23K","-1.03%"
"09/30/2021","82.71","83.77","83.94","82.68","10.86K","-0.67%"
"09/29/2021","83.26","83.19","83.68","82.48","4.14K","0.79%"
"09/28/2021","82.61","82.94","83.62","82.61","8.81K","-0.70%"
"09/27/2021","83.19","83.89","84.10","83.01","9.27K","-0.13%"
"09/24/2021","83.30","83.26","83.54","83.01","9.54K","-0.02%"
"09/23/2021","83.32","83.47","83.80","82.89","5.60K","0.25%"
"09/22/2021","83.11","82.78","83.25","82.65","6.50K","0.92%"
"09/21/2021","82.36","82.40","82.84","82.08","12.47K","0.56%"
"09/20/2021","81.90","82.28","82.60","81.51","27.44K","-1.33%"
"09/17/2021","83.00","83.56","83.82","82.96","9.97K","-0.31%"
"09/16/2021","83.26","83.59","83.59","83.10","7.35K","0.34%"
"09/15/2021","82.99","83.16","83.38","82.80","9.60K","-0.23%"
"09/14/2021","83.18","83.25","83.52","82.90","9.94K","-0.17%"
"09/13/2021","83.32","83.57","83.96","83.14","24.21K","-0.19%"
"09/10/2021","83.47","84.07","84.07","83.36","12.88K","-0.43%"
"09/09/2021","83.83","83.80","84.07","83.40","7.80K","-0.40%"
"09/08/2021","84.17","84.51","84.91","84.15","7.28K","-0.45%"
"09/07/2021","84.55","84.59","85.09","84.31","16.65K","-0.35%"
"09/06/2021","84.85","84.46","84.89","84.40","5.04K","0.84%"
"09/03/2021","84.14","84.44","84.68","84.00","10.12K","-0.31%"
"09/02/2021","84.40","84.59","84.68","84.17","13.68K","0.04%"
"09/01/2021","84.37","84.51","84.86","84.13","11.26K","0.34%"
"08/31/2021","84.08","84.26","84.57","83.67","10.21K","0.54%"
"08/27/2021","83.64","83.53","83.80","83.10","9.59K","0.28%"
"08/26/2021","83.40","83.34","83.74","82.92","5.32K","-0.30%"
"08/25/2021","83.66","83.67","83.77","83.26","16.56K","0.03%"
"08/24/2021","83.64","83.51","83.71","83.33","17.98K","0.53%"
"08/23/2021","83.19","83.22","83.48","82.90","9.49K","0.46%"
"08/20/2021","82.82","82.25","82.86","81.86","8.53K","0.83%"
"08/19/2021","82.14","81.90","82.26","81.37","24.96K","-0.73%"
"08/18/2021","82.74","82.93","83.05","82.50","7.37K","0.00%"
"08/17/2021","82.74","82.63","82.96","82.43","6.73K","0.39%"
"08/16/2021","82.42","82.59","82.76","82.16","23.99K","-0.56%"
"08/13/2021","82.88","82.66","83.28","82.66","27.19K","0.16%"
"08/12/2021","82.75","82.78","82.89","82.22","5.86K","0.32%"
"08/11/2021","82.49","82.60","82.84","82.45","12.40K","0.01%"
"08/10/2021","82.48","82.39","83.01","82.22","9.73K","0.21%"
"08/09/2021","82.31","82.08","82.45","81.71","8.14K","0.10%"
"08/06/2021","82.22","82.02","82.46","81.81","6.61K","0.28%"
"08/05/2021","82.00","81.73","82.18","81.34","5.27K","0.32%"
"08/04/2021","81.74","81.88","82.17","81.60","5.82K","0.28%"
"08/03/2021","81.50","81.74","81.91","81.05","7.28K","-0.51%"
"08/02/2021","81.92","82.24","82.26","81.61","6.14K","0.66%"
"07/30/2021","81.39","80.86","81.60","80.71","15.36K","-0.23%"
"07/29/2021","81.57","81.47","81.62","81.21","8.60K","0.10%"
"07/28/2021","81.49","81.15","81.74","80.97","6.72K","0.82%"
"07/27/2021","80.83","81.72","81.98","80.83","11.37K","-1.47%"
"07/26/2021","82.04","82.11","82.21","81.68","8.01K","-0.46%"
"07/23/2021","82.42","82.35","82.58","82.04","8.51K","0.71%"
"07/22/2021","81.83","81.97","82.40","81.69","5.27K","-0.16%"
"07/21/2021","81.96","81.89","82.24","81.72","9.66K","0.31%"
"07/20/2021","81.71","81.19","81.89","80.90","7.77K","1.41%"
"07/19/2021","80.58","81.16","81.25","80.17","12.90K","-1.25%"
"07/16/2021","81.60","81.74","82.07","81.36","4.88K","0.22%"
"07/15/2021","81.42","81.71","82.02","81.19","13.86K","-0.42%"
"07/14/2021","81.76","81.61","82.04","81.31","9.59K","-0.39%"
"07/13/2021","82.08","81.87","82.41","81.73","4.45K","0.51%"
"07/12/2021","81.66","81.42","81.92","81.24","14.67K","-0.05%"
"07/09/2021","81.70","81.39","81.91","81.16","7.36K","0.90%"
"07/08/2021","80.97","81.50","81.75","80.51","14.18K","-1.14%"
"07/07/2021","81.90","81.65","82.10","81.51","8.03K","0.51%"
"07/06/2021","81.49","81.48","81.88","81.25","10.58K","-0.27%"
"07/05/2021","81.71","81.62","81.85","81.47","7.85K","-0.06%"
"07/02/2021","81.76","81.77","82.13","81.61","14.39K","0.31%"
"07/01/2021","81.51","81.37","81.89","81.20","13.12K","0.33%"
"06/30/2021","81.25","81.37","81.71","80.84","7.78K","-0.09%"
"06/29/2021","81.32","81.03","81.68","80.94","9.58K","0.52%"
"06/28/2021","80.90","80.88","81.26","80.73","17.85K","0.03%"
"06/25/2021","80.88","80.73","81.00","80.58","8.19K","0.32%"
"06/24/2021","80.62","80.03","80.94","79.83","16.61K","0.89%"
"06/23/2021","79.90","80.11","80.30","79.75","8.61K","-0.11%"
"06/22/2021","80.00","79.87","80.23","79.72","10.72K","0.43%"
"06/21/2021","79.65","79.28","79.81","79.01","21.70K","0.07%"
"06/18/2021","79.60","80.43","80.44","79.54","34.52K","-0.48%"
"06/17/2021","79.99","79.47","80.28","79.17","8.10K","0.36%"
"06/16/2021","79.70","79.67","79.95","79.46","8.59K","0.01%"
"06/15/2021","79.69","79.90","80.25","79.65","16.29K","0.18%"
"06/14/2021","79.54","79.66","79.89","79.40","11.03K","0.27%"
"06/11/2021","79.33","79.19","79.52","79.17","6.34K","0.22%"
"06/10/2021","79.15","79.23","79.55","78.94","11.31K","-0.04%"
"06/09/2021","79.19","78.84","79.40","78.73","9.14K","0.42%"
"06/08/2021","78.86","79.06","79.58","78.85","13.01K","0.01%"
"06/07/2021","78.85","79.00","79.10","78.67","11.13K","0.07%"
"06/04/2021","78.79","78.89","79.00","78.31","6.45K","0.15%"
"06/03/2021","78.68","78.72","78.90","77.86","8.65K","-0.03%"
"06/02/2021","78.70","78.72","78.87","78.40","12.20K","0.16%"
"06/01/2021","78.57","78.25","79.00","78.14","17.57K","0.26%"
"05/28/2021","78.37","78.18","78.72","78.00","10.79K","0.42%"
"05/27/2021","78.04","78.09","78.27","76.25","7.57K","-0.20%"
"05/26/2021","78.20","78.27","78.50","77.98","6.36K","0.17%"
"05/25/2021","78.07","78.05","78.47","77.95","11.98K","0.23%"
"05/24/2021","77.89","77.51","77.99","77.40","16.31K","0.77%"
"05/21/2021","77.29","77.33","77.87","77.07","19.50K","0.13%"
"05/20/2021","77.19","76.66","77.20","76.31","7.40K","1.51%"
"05/19/2021","76.05","76.40","76.63","75.69","17.75K","-1.39%"
"05/18/2021","77.12","77.40","77.46","76.92","8.30K","0.21%"
"05/17/2021","76.96","77.23","77.30","76.91","17.69K","-0.41%"
"05/14/2021","77.28","76.94","77.33","76.72","6.70K","1.09%"
"05/13/2021","76.44","75.91","76.78","75.23","17.36K","0.30%"
"05/12/2021","76.21","76.70","76.97","76.16","9.97K","-0.66%"
"05/11/2021","76.72","77.35","77.47","76.25","36.12K","-1.97%"
"05/10/2021","78.26","78.89","78.93","78.05","27.17K","-1.22%"
"05/07/2021","79.24","79.02","79.45","78.80","12.19K","0.78%"
"05/06/2021","78.62","78.52","78.70","78.30","15.64K","0.15%"
"05/05/2021","78.50","78.23","78.74","78.09","13.60K","0.93%"
"05/04/2021","77.78","78.89","79.21","77.66","35.41K","-1.55%"
"04/30/2021","79.00","78.80","79.14","78.56","13.37K","0.32%"
"04/29/2021","78.75","79.15","79.71","78.62","14.16K","-0.30%"
"04/28/2021","78.99","79.47","79.47","78.89","11.61K","0.27%"
"04/27/2021","78.77","79.07","79.30","78.70","16.26K","-0.40%"
"04/26/2021","79.09","78.87","79.40","78.63","26.06K","0.07%"
"04/23/2021","79.04","78.41","79.12","78.24","10.31K","0.15%"
"04/22/2021","78.92","78.31","78.99","78.09","25.06K","1.26%"
"04/21/2021","77.93","77.63","78.08","77.47","24.77K","0.64%"
"04/20/2021","77.44","78.15","78.45","77.36","14.72K","-0.93%"
"04/19/2021","78.17","79.36","79.36","78.04","21.56K","-1.31%"
"04/16/2021","79.20","79.50","79.81","79.20","19.64K","0.11%"
"04/15/2021","79.11","78.84","79.31","78.51","18.29K","0.48%"
"04/14/2021","78.74","78.66","79.00","78.64","27.61K","0.01%"
"04/13/2021","78.73","78.45","78.85","78.32","17.76K","0.41%"
"04/12/2021","78.40","78.53","78.92","78.01","41.10K","-0.04%"
"04/09/2021","78.44","78.72","78.92","78.20","27.44K","0.20%"
"04/08/2021","78.29","78.14","78.36","77.96","21.41K","0.79%"
"04/07/2021","77.68","77.89","78.00","77.28","39.89K","0.25%"
"04/06/2021","77.49","77.38","77.58","76.90","43.01K","1.37%"
"04/01/2021","76.43","76.43","76.69","76.26","16.00K","0.40%"
"03/31/2021","76.13","75.93","76.24","75.65","13.34K","-0.04%"
"03/30/2021","76.16","76.13","76.28","75.84","21.38K","0.66%"
"03/29/2021","75.66","75.85","76.00","75.30","19.45K","0.27%"
"03/26/2021","75.46","75.50","75.61","75.25","8.31K","0.55%"
"03/25/2021","75.05","75.37","75.54","74.52","17.54K","-0.83%"
"03/24/2021","75.68","75.51","75.84","75.43","16.64K","-0.15%"
"03/23/2021","75.79","75.45","75.93","75.26","19.50K","0.09%"
"03/22/2021","75.72","75.09","75.81","74.58","29.17K","0.50%"
"03/19/2021","75.34","75.00","75.42","74.80","21.98K","-0.34%"
"03/18/2021","75.60","75.60","75.90","75.24","32.61K","0.10%"
"03/17/2021","75.52","75.63","75.70","75.18","13.57K","-0.44%"
"03/16/2021","75.85","76.36","76.51","75.80","17.26K","0.68%"
"03/15/2021","75.34","75.28","75.54","75.20","14.46K","0.40%"
"03/12/2021","75.04","74.96","75.23","74.63","15.08K","-0.28%"
"03/11/2021","75.25","74.88","75.28","74.71","4.62K","0.87%"
"03/10/2021","74.60","74.26","74.75","74.14","14.86K","0.20%"
"03/09/2021","74.45","73.70","74.59","73.36","15.38K","0.09%"
"03/08/2021","74.38","73.87","74.51","73.15","27.21K","2.55%"
"03/05/2021","72.53","72.78","73.82","72.43","19.81K","-0.99%"
"03/04/2021","73.25","73.42","73.61","72.85","16.13K","-0.99%"
"03/03/2021","73.99","74.63","74.79","73.74","17.36K","-0.33%"
"03/02/2021","74.23","74.48","74.81","74.19","23.95K","-0.38%"
"03/01/2021","74.51","73.84","74.70","73.71","13.22K","1.78%"
"02/26/2021","73.21","73.43","73.83","72.72","14.61K","-0.85%"
"02/25/2021","73.83","74.45","74.65","73.68","6.65K","-0.42%"
"02/24/2021","74.14","73.26","74.25","73.24","19.73K","0.73%"
"02/23/2021","73.61","74.47","74.60","73.00","18.31K","-1.02%"
"02/22/2021","74.37","74.72","74.90","74.26","11.83K","-1.48%"
"02/19/2021","75.49","75.18","75.55","75.00","10.77K","0.53%"
"02/18/2021","75.09","75.75","76.30","74.81","8.31K","-1.18%"
"02/17/2021","75.99","76.43","76.46","75.90","18.29K","-0.30%"
"02/16/2021","76.22","76.67","76.80","76.35","6.08K","-0.56%"
"02/15/2021","76.65","76.55","76.73","76.40","9.44K","0.52%"
"02/12/2021","76.25","76.18","76.31","75.96","13.53K","0.06%"
"02/11/2021","76.21","76.18","76.30","75.93","12.98K","0.74%"
"02/10/2021","75.65","76.06","76.30","75.39","13.14K","-0.34%"
"02/09/2021","75.90","76.06","76.24","75.69","9.38K","-0.19%"
"02/08/2021","76.05","75.93","76.28","75.78","13.93K","0.60%"
"02/05/2021","75.60","75.69","75.90","75.38","13.45K","0.26%"
"02/04/2021","75.40","75.42","75.68","75.09","8.04K","0.30%"
"02/03/2021","75.18","75.44","75.50","75.00","9.37K","0.12%"
"02/02/2021","75.09","74.31","75.17","74.30","17.13K","1.93%"
"02/01/2021","73.67","73.20","73.67","72.94","16.20K","1.10%"
"01/29/2021","72.86","73.00","73.46","72.81","29.06K","-1.70%"
"01/28/2021","74.12","73.29","74.33","72.88","13.30K","0.00%"
"01/27/2021","74.13","75.26","75.26","73.75","13.91K","-1.36%"
"01/26/2021","75.15","75.31","75.66","75.27","5.08K","0.05%"
"01/25/2021","75.11","75.66","75.84","74.86","11.42K","-0.38%"
"01/22/2021","75.40","75.42","75.50","75.02","8.12K","0.07%"
"01/21/2021","75.35","75.91","75.91","75.36","9.24K","-0.34%"
"01/20/2021","75.61","75.16","75.82","74.94","22.90K","0.89%"
"01/19/2021","74.93","75.30","75.55","74.94","18.07K","0.15%"
"01/18/2021","74.82","74.67","74.98","74.63","6.84K","0.19%"
"01/15/2021","74.68","74.72","75.00","74.33","4.17K","-0.59%"
"01/14/2021","75.12","74.99","75.46","74.99","6.73K","0.12%"
"01/13/2021","75.03","74.91","75.12","74.15","9.68K","0.11%"
"01/12/2021","74.95","75.39","75.60","74.89","13.62K","-0.98%"
"01/11/2021","75.69","75.73","76.00","75.38","21.00K","0.32%"
"01/08/2021","75.44","75.54","75.72","75.18","22.14K","0.47%"
"01/07/2021","75.09","74.74","75.23","74.25","14.69K","0.73%"
"01/06/2021","74.54","73.39","74.66","73.03","17.94K","1.71%"
"01/05/2021","73.29","73.20","73.78","73.01","15.10K","0.03%"
"01/04/2021","73.27","73.80","74.33","73.12","15.03K","0.20%"
"12/31/2020","73.13","73.15","73.36","72.92","2.99K","-0.59%"
"12/30/2020","73.56","73.88","74.12","73.50","14.12K","-0.34%"
"12/29/2020","73.81","74.00","74.24","73.71","11.38K","1.67%"
"12/24/2020","72.60","72.73","73.11","72.42","10.92K","-0.55%"
"12/23/2020","73.00","73.12","73.36","72.84","11.59K","-0.66%"
"12/22/2020","73.49","72.76","73.71","72.76","11.35K","0.56%"
"12/21/2020","73.08","73.99","74.00","72.50","12.36K","-0.13%"
"12/18/2020","73.18","73.32","73.55","72.99","6.46K","0.36%"
"12/17/2020","72.91","73.08","73.30","72.76","3.70K","-0.13%"
"12/16/2020","73.00","72.70","73.13","72.62","14.44K","0.41%"
"12/15/2020","72.71","73.01","73.45","72.63","10.63K","-0.87%"
"12/14/2020","73.35","73.27","73.62","72.84","7.32K","-0.08%"
"12/11/2020","73.40","73.50","73.81","73.27","14.52K","-0.22%"
"12/10/2020","73.57","73.28","73.60","73.00","4.99K","0.47%"
"12/09/2020","73.22","73.50","73.82","73.05","6.71K","-0.13%"
"12/08/2020","73.32","73.04","73.41","72.85","5.27K","-0.03%"
"12/07/2020","73.34","73.16","73.65","72.91","9.65K","0.97%"
"12/04/2020","72.64","72.55","72.77","72.02","18.09K","0.55%"
"12/03/2020","72.24","72.57","72.57","72.11","5.95K","-0.45%"
"12/02/2020","72.57","72.26","72.70","72.01","9.46K","0.60%"
"12/01/2020","72.14","72.03","72.60","71.81","9.21K","0.96%"
"11/30/2020","71.45","71.68","72.38","71.50","8.64K","-1.34%"
"11/27/2020","72.42","71.76","72.43","71.71","4.90K","0.48%"
"11/26/2020","72.07","71.97","72.23","71.83","3.90K","0.63%"
"11/25/2020","71.63","72.00","72.04","71.56","10.73K","-0.29%"
"11/24/2020","71.83","71.51","71.83","71.26","13.52K","1.15%"
"11/23/2020","71.02","71.16","71.31","70.83","9.26K","-0.10%"
"11/20/2020","71.09","70.99","71.31","70.99","7.41K","-0.07%"
"11/19/2020","71.14","71.03","71.21","70.73","3.72K","-0.42%"
"11/18/2020","71.44","71.21","71.75","71.21","8.75K","-0.03%"
"11/17/2020","71.46","71.76","71.93","71.17","3.41K","-0.58%"
"11/16/2020","71.88","71.16","72.17","71.16","14.17K","1.41%"
"11/13/2020","70.88","70.65","71.23","70.65","10.49K","-0.22%"
"11/12/2020","71.03","70.66","71.14","70.56","4.89K","0.20%"
"11/11/2020","70.89","70.04","70.92","70.03","4.25K","0.91%"
"11/10/2020","70.25","70.52","70.77","69.81","19.37K","-1.98%"
"11/09/2020","71.67","70.39","72.53","70.37","24.79K","3.21%"
"11/06/2020","69.43","69.36","69.83","68.90","5.97K","-0.60%"
"11/05/2020","69.86","69.58","70.02","53.80","9.32K","0.87%"
"11/04/2020","69.25","67.37","69.34","67.25","4.74K","2.86%"
"11/03/2020","67.32","67.07","67.46","67.07","5.18K","0.80%"
"11/02/2020","66.79","66.24","66.91","66.24","9.01K","1.59%"
"10/30/2020","65.75","65.53","66.06","65.36","6.40K","-1.05%"
"10/29/2020","66.44","66.49","66.69","65.84","3.71K","0.42%"
"10/28/2020","66.17","67.15","67.38","65.83","9.16K","-2.08%"
"10/27/2020","67.57","68.19","68.19","67.42","7.56K","-0.38%"
"10/26/2020","67.83","68.28","68.56","67.79","18.47K","-1.19%"
"10/23/2020","68.65","68.50","68.93","68.50","12.12K","0.67%"
"10/22/2020","68.20","67.84","68.29","67.71","3.18K","0.22%"
"10/21/2020","68.05","69.31","69.36","67.98","7.23K","-1.58%"
"10/20/2020","69.14","69.40","69.48","69.02","5.40K","-0.25%"
"10/19/2020","69.31","69.49","70.04","69.27","8.24K","-0.84%"
"10/16/2020","69.90","69.85","70.04","69.41","2.83K","1.02%"
"10/15/2020","69.19","69.14","69.39","68.60","3.29K","-0.79%"
"10/14/2020","69.75","70.71","70.78","69.72","5.58K","-0.54%"
"10/13/2020","70.13","69.98","70.29","69.84","22.14K","0.41%"
"10/12/2020","69.84","69.39","69.91","69.33","13.64K","0.73%"
"10/09/2020","69.33","69.58","69.59","69.36","4.02K","0.22%"
"10/08/2020","69.18","69.39","69.53","68.81","15.96K","0.73%"
"10/07/2020","68.68","68.54","68.91","68.43","5.05K","0.42%"
"10/06/2020","68.39","68.22","68.72","68.03","2.38K","0.29%"
"10/05/2020","68.19","68.10","68.33","67.68","5.62K","0.98%"
"10/02/2020","67.53","67.63","67.71","66.97","7.70K","-0.90%"
"10/01/2020","68.14","68.02","68.73","67.80","7.81K","0.50%"
"09/30/2020","67.80","67.59","67.99","67.06","2.85K","0.27%"
"09/29/2020","67.62","67.91","67.97","67.54","3.41K","-0.24%"
"09/28/2020","67.78","67.70","68.03","67.38","5.30K","1.01%"
"09/25/2020","67.10","66.71","67.08","66.37","3.93K","0.72%"
"09/24/2020","66.62","66.63","66.76","66.00","3.23K","-1.32%"
"09/23/2020","67.51","68.23","68.41","67.82","2.85K","0.22%"
"09/22/2020","67.36","66.90","67.47","66.75","3.13K","1.32%"
"09/21/2020","66.48","67.43","67.64","66.25","18.46K","-2.00%"
"09/18/2020","67.84","68.08","68.33","67.83","1.74K","-0.40%"
"09/17/2020","68.11","67.80","68.31","67.61","5.26K","-0.92%"
"09/16/2020","68.74","69.09","69.42","68.50","4.87K","-0.84%"
"09/15/2020","69.32","68.91","69.44","68.66","2.32K","0.84%"
"09/14/2020","68.74","68.75","69.22","67.97","38.01K","0.32%"
"09/11/2020","68.52","68.42","68.84","68.23","2.93K","-0.20%"
"09/10/2020","68.66","67.99","68.66","64.13","3.75K","1.28%"
"09/09/2020","67.79","67.07","67.90","67.00","6.31K","1.30%"
"09/08/2020","66.92","67.62","67.98","66.50","5.91K","-0.70%"
"09/07/2020","67.39","66.57","67.49","66.54","10.72K","1.77%"
"09/04/2020","66.22","66.99","67.52","65.72","14.27K","-1.58%"
"09/03/2020","67.28","68.90","69.25","67.05","7.03K","-1.57%"
"09/02/2020","68.35","68.10","68.55","68.10","3.23K","1.61%"
"09/01/2020","67.27","67.61","67.89","66.98","6.43K","-0.52%"
"08/28/2020","67.62","67.95","68.18","67.59","8.24K","-0.81%"
"08/27/2020","68.17","67.99","68.65","67.91","5.06K","0.22%"
"08/26/2020","68.02","67.98","68.02","67.85","1.00K","0.24%"
"08/25/2020","67.86","68.25","68.46","67.69","3.61K","-0.01%"
"08/24/2020","67.87","67.40","68.00","67.34","5.94K","1.24%"
"08/21/2020","67.04","66.72","67.23","66.46","8.38K","0.68%"
"08/20/2020","66.59","66.87","67.05","66.50","5.11K","-0.69%"
"08/19/2020","67.05","66.72","67.07","66.70","10.12K","0.52%"
"08/18/2020","66.70","67.00","67.22","66.62","3.68K","-0.97%"
"08/17/2020","67.35","67.08","67.37","67.01","11.09K","0.58%"
"08/14/2020","66.96","67.33","67.33","66.60","5.15K","-0.55%"
"08/13/2020","67.33","67.36","67.56","67.07","2.73K","-0.25%"
"08/12/2020","67.50","66.86","67.64","66.85","2.47K","0.76%"
"08/11/2020","66.99","66.80","67.18","66.70","6.36K","1.19%"
"08/10/2020","66.20","66.54","66.69","66.18","6.82K","-0.20%"
"08/07/2020","66.33","66.01","66.58","66.00","2.47K","0.74%"
"08/06/2020","65.84","65.91","66.04","65.48","2.56K","-0.32%"
"08/05/2020","66.05","66.20","66.26","65.95","1.11K","0.46%"
"08/04/2020","65.75","65.87","66.03","65.62","5.05K","0.14%"
"08/03/2020","65.66","64.75","65.83","64.65","31.24K","2.13%"
"07/31/2020","64.29","64.97","65.08","64.14","4.08K","-0.91%"
"07/30/2020","64.88","65.82","65.82","64.31","4.73K","-1.37%"
"07/29/2020","65.78","65.66","65.80","65.50","3.76K","-0.03%"
"07/28/2020","65.80","66.22","66.32","65.65","8.90K","-0.12%"
"07/27/2020","65.88","66.06","66.33","65.80","10.72K","-0.26%"
"07/24/2020","66.05","66.10","66.32","65.88","15.04K","-1.78%"
"07/23/2020","67.25","67.40","67.68","67.30","1.32K","0.25%"
"07/22/2020","67.08","67.39","67.47","67.03","6.13K","-0.30%"
"07/21/2020","67.28","67.65","67.84","67.21","4.25K","0.37%"
"07/20/2020","67.03","67.09","67.15","66.79","3.21K","-0.40%"
"07/17/2020","67.30","67.28","67.28","66.58","1.17K","0.99%"
"07/16/2020","66.64","66.94","67.01","66.71","3.13K","-0.77%"
"07/15/2020","67.16","67.00","67.25","66.73","3.41K","1.45%"
"07/14/2020","66.20","66.35","66.45","65.94","7.71K","-1.27%"
"07/13/2020","67.05","66.50","67.01","66.23","14.30K","2.12%"
"07/10/2020","65.66","65.20","65.70","65.19","6.76K","0.74%"
"07/09/2020","65.18","66.07","66.13","65.01","4.49K","-0.82%"
"07/08/2020","65.72","65.93","66.10","65.68","5.49K","-0.80%"
"07/07/2020","66.25","66.69","66.69","66.08","9.06K","-0.79%"
"07/06/2020","66.78","66.20","66.98","66.20","3.40K","1.91%"
"07/03/2020","65.53","66.09","66.19","65.54","4.67K","-0.40%"
"07/02/2020","65.79","65.32","66.08","65.30","6.65K","1.43%"
"07/01/2020","64.86","65.21","66.28","64.72","9.45K","-0.09%"
"06/30/2020","64.92","65.34","65.39","64.90","11.40K","-0.34%"
"06/29/2020","65.14","64.33","65.10","64.07","3.93K","0.98%"
"06/26/2020","64.51","65.05","65.26","64.51","6.00K","0.06%"
"06/25/2020","64.47","64.20","64.45","63.78","6.25K","0.14%"
"06/24/2020","64.38","65.55","65.55","64.30","16.78K","-2.17%"
"06/23/2020","65.81","65.66","66.21","65.48","20.92K","0.90%"
"06/22/2020","65.22","65.17","65.43","64.87","8.65K","-1.23%"
"06/19/2020","66.03","65.57","66.34","65.55","9.49K","1.07%"
"06/18/2020","65.33","64.77","65.48","64.67","25.25K","0.62%"
"06/17/2020","64.93","64.99","65.30","64.88","7.24K","0.60%"
"06/16/2020","64.54","63.98","64.93","63.91","9.10K","2.84%"
"06/15/2020","62.76","61.99","62.60","61.72","16.22K","-0.43%"
"06/12/2020","63.03","62.93","63.99","62.83","8.20K","-0.68%"
"06/11/2020","63.46","64.46","64.62","63.46","9.26K","-2.50%"
"06/10/2020","65.09","65.49","65.64","64.91","7.67K","-0.44%"
"06/09/2020","65.38","65.92","66.08","65.19","25.54K","-0.52%"
"06/08/2020","65.72","65.46","65.88","65.31","11.29K","0.21%"
"06/05/2020","65.58","64.76","65.63","64.70","10.83K","1.77%"
"06/04/2020","64.44","64.71","64.80","64.44","15.74K","-0.22%"
"06/03/2020","64.58","63.94","64.68","63.94","6.34K","1.59%"
"06/02/2020","63.57","63.26","63.74","63.08","26.74K","0.43%"
"06/01/2020","63.30","64.14","64.15","63.18","15.34K","0.62%"
"05/29/2020","62.91","63.22","63.61","62.83","6.08K","-1.52%"
"05/28/2020","63.88","63.94","64.05","63.61","7.62K","1.36%"
"05/27/2020","63.02","62.99","63.61","62.72","17.09K","0.51%"
"05/26/2020","62.70","63.44","63.44","62.73","7.97K","1.51%"
"05/22/2020","61.77","61.29","62.08","61.21","1.26K","0.00%"
"05/21/2020","61.77","62.21","62.27","61.90","5.07K","-1.09%"
"05/20/2020","62.45","61.97","62.45","61.69","5.66K","0.73%"
"05/19/2020","62.00","62.00","62.30","61.66","10.31K","-0.19%"
"05/18/2020","62.12","61.20","61.89","61.18","6.91K","3.50%"
"05/15/2020","60.02","60.07","60.28","59.98","3.53K","1.44%"
"05/14/2020","59.17","59.55","59.86","58.68","7.41K","-1.51%"
"05/13/2020","60.08","60.22","60.43","59.85","9.18K","-1.72%"
"05/12/2020","61.13","60.50","61.10","60.50","5.33K","0.71%"
"05/11/2020","60.70","60.85","65.82","60.38","8.46K","0.96%"
"05/07/2020","60.12","59.83","60.25","59.58","4.28K","1.21%"
"05/06/2020","59.40","59.48","59.78","59.38","1.39K","0.10%"
"05/05/2020","59.34","58.91","59.34","58.55","3.62K","2.17%"
"05/04/2020","58.08","58.18","58.30","57.83","5.57K","-0.15%"
"05/01/2020","58.17","58.49","58.62","57.74","13.94K","-2.02%"
"04/30/2020","59.37","61.08","61.18","59.45","8.37K","-2.34%"
"04/29/2020","60.79","60.20","60.81","59.75","14.62K","2.08%"
"04/28/2020","59.55","59.29","60.04","59.21","6.16K","0.59%"
"04/27/2020","59.20","58.82","59.25","58.82","6.38K","1.75%"
"04/24/2020","58.18","58.12","58.59","57.89","9.82K","-1.05%"
"04/23/2020","58.80","58.31","58.89","58.18","2.43K","1.03%"
"04/22/2020","58.20","57.74","58.20","57.70","4.64K","1.69%"
"04/21/2020","57.23","58.08","58.18","57.21","6.05K","-2.67%"
"04/20/2020","58.80","58.77","58.80","58.10","7.31K","0.86%"
"04/17/2020","58.30","58.87","59.20","58.21","7.21K","1.30%"
"04/16/2020","57.55","57.69","57.69","57.24","11.86K","1.32%"
"04/15/2020","56.80","57.75","58.11","56.75","6.31K","-1.54%"
"04/14/2020","57.69","57.95","58.18","57.45","9.10K","-0.07%"
"04/09/2020","57.73","58.03","58.03","56.67","6.19K","2.07%"
"04/08/2020","56.56","56.60","56.60","55.93","6.77K","-0.98%"
"04/07/2020","57.12","57.02","57.81","56.74","11.11K","3.07%"
"04/06/2020","55.42","54.94","55.62","54.62","35.12K","4.13%"
"04/03/2020","53.22","53.13","53.76","53.13","6.30K","0.45%"
"04/02/2020","52.98","53.19","53.54","51.99","2.44K","0.00%"
"04/01/2020","52.98","53.38","53.52","51.64","10.66K","-4.02%"
"03/31/2020","55.20","55.68","55.76","54.51","5.43K","0.86%"
"03/30/2020","54.73","54.24","54.70","53.19","2.70K","2.07%"
"03/27/2020","53.62","55.31","55.64","53.85","4.77K","-4.54%"
"03/26/2020","56.17","54.58","56.47","53.96","11.22K","0.47%"
"03/25/2020","55.91","55.34","55.95","53.27","19.68K","2.62%"
"03/24/2020","54.48","53.49","54.17","52.77","15.69K","6.26%"
"03/23/2020","51.27","50.38","53.30","50.38","20.38K","-2.68%"
"03/20/2020","52.68","54.48","55.23","52.74","25.18K","-1.16%"
"03/19/2020","53.30","53.46","53.50","52.21","3.67K","2.05%"
"03/18/2020","52.23","52.66","52.95","50.97","3.88K","-2.74%"
"03/17/2020","53.70","53.97","54.11","51.33","9.79K","1.97%"
"03/16/2020","52.66","52.62","53.26","49.70","7.14K","-0.66%"
"03/13/2020","53.01","53.96","55.59","51.98","7.87K","1.49%"
"03/12/2020","52.23","54.18","54.48","52.00","19.48K","-7.75%"
"03/11/2020","56.62","57.63","57.63","56.52","9.26K","0.11%"
"03/10/2020","56.56","56.99","58.38","55.98","15.29K","0.78%"
"03/09/2020","56.12","57.94","59.00","55.39","21.99K","-6.44%"
"03/06/2020","59.98","61.00","61.00","59.49","9.52K","-4.26%"
"03/05/2020","62.65","63.52","63.52","62.01","5.90K","-0.71%"
"03/04/2020","63.10","62.90","63.52","62.65","3.53K","0.88%"
"03/03/2020","62.55","63.32","63.98","63.06","10.74K","0.40%"
"03/02/2020","62.30","62.20","62.73","60.54","43.75K","2.92%"
"02/28/2020","60.53","60.63","60.87","59.51","10.35K","-3.26%"
"02/27/2020","62.57","63.46","63.46","62.25","6.44K","-3.11%"
"02/26/2020","64.58","63.87","64.65","62.69","6.18K","0.64%"
"02/25/2020","64.17","65.87","65.87","64.85","2.51K","-1.99%"
"02/24/2020","65.47","66.31","66.65","65.41","5.08K","-2.94%"
"02/21/2020","67.45","67.90","67.90","67.20","1.07K","-1.01%"
"02/20/2020","68.14","68.77","68.77","68.10","1.21K","-0.45%"
"02/19/2020","68.45","67.99","68.14","67.87","2.38K","1.48%"
"02/18/2020","67.45","67.71","67.79","67.46","1.54K","-1.01%"
"02/17/2020","68.14","67.93","68.21","67.93","3.05K","0.37%"
"02/14/2020","67.89","68.00","68.05","67.93","2.77K","0.13%"
"02/13/2020","67.80","68.09","68.09","67.50","1.83K","-0.82%"
"02/12/2020","68.36","68.23","68.46","68.20","1.83K","0.07%"
"02/11/2020","68.31","68.28","68.43","68.18","6.08K","0.78%"
"02/10/2020","67.78","67.89","67.89","67.48","6.93K","-0.10%"
"02/07/2020","67.85","67.97","67.97","67.43","1.35K","-0.26%"
"02/06/2020","68.03","67.90","68.02","67.80","4.80K","0.92%"
"02/05/2020","67.41","66.53","67.31","66.53","1.63K","0.94%"
"02/04/2020","66.78","66.65","66.72","66.48","1.59K","1.54%"
"02/03/2020","65.77","64.88","65.92","64.88","5.81K","2.03%"
"01/31/2020","64.46","65.83","65.83","64.62","2.76K","-1.54%"
"01/30/2020","65.47","65.97","66.09","65.44","2.31K","-1.81%"
"01/29/2020","66.68","66.65","66.81","66.45","2.25K","0.20%"
"01/28/2020","66.55","66.12","66.54","66.07","1.66K","1.48%"
"01/27/2020","65.58","65.74","66.23","65.38","3.55K","-2.29%"
"01/24/2020","67.12","67.25","67.25","67.12","0.24K","0.77%"
"01/23/2020","66.61","66.87","66.97","66.64","3.32K","-0.63%"
"01/22/2020","67.03","67.80","67.80","67.26","1.39K","-0.67%"
"01/21/2020","67.48","67.57","67.57","67.26","4.58K","-0.60%"
"01/20/2020","67.89","68.14","68.14","67.89","1.93K","0.31%"
"01/17/2020","67.68","67.69","67.87","67.36","0.69K","0.67%"
"01/16/2020","67.23","67.62","67.62","67.23","1.92K","-0.06%"
"01/15/2020","67.27","67.32","67.33","67.20","1.30K","0.00%"
"01/14/2020","67.27","67.45","67.51","67.21","5.49K","0.12%"
"01/13/2020","67.19","67.22","67.30","67.18","1.78K","0.63%"
"01/10/2020","66.77","66.70","66.86","66.70","2.85K","0.23%"
"01/09/2020","66.62","66.89","66.89","66.72","8.99K","0.82%"
"01/08/2020","66.08","65.51","66.07","65.51","7.73K","0.24%"
"01/07/2020","65.92","65.81","66.08","65.81","1.87K","0.66%"
"01/06/2020","65.49","65.40","65.67","65.06","3.07K","-0.70%"
"01/03/2020","65.95","65.91","65.91","65.71","2.23K","0.12%"
"01/02/2020","65.87","65.51","65.93","65.51","7.15K","1.12%"
"12/31/2019","65.14","65.59","65.59","65.41","1.21K","-0.60%"
"12/30/2019","65.53","66.09","66.09","65.50","6.34K","-0.85%"
"12/27/2019","66.09","66.57","66.57","65.98","2.23K","-0.47%"
"12/24/2019","66.40","66.67","66.67","66.49","0.43K","-0.20%"
"12/23/2019","66.53","65.97","66.46","65.97","0.53K","1.05%"
"12/20/2019","65.84","65.76","65.90","65.63","6.03K","0.30%"
"12/19/2019","65.64","65.20","65.24","65.20","3.39K","0.47%"
"12/18/2019","65.33","65.16","65.35","65.16","0.82K","0.54%"
"12/17/2019","64.98","64.71","64.99","64.65","0.60K","1.36%"
"12/16/2019","64.11","63.48","64.02","63.40","1.71K","1.38%"
"12/13/2019","63.24","63.52","63.52","63.31","6.76K","-1.43%"
"12/12/2019","64.16","64.16","64.16","64.16","","1.28%"
"12/11/2019","63.35","63.68","63.74","63.35","6.60K","0.08%"
"12/10/2019","63.30","63.51","63.51","62.84","3.05K","-0.30%"
"12/09/2019","63.49","63.55","63.63","63.46","3.41K","-0.42%"
"12/06/2019","63.76","63.44","63.71","63.33","1.77K","1.29%"
"12/05/2019","62.95","63.23","63.29","63.00","3.52K","-0.38%"
"12/04/2019","63.19","63.14","63.39","63.00","1.29K","0.35%"
"12/03/2019","62.97","63.87","63.87","63.25","1.49K","-1.42%"
"12/02/2019","63.88","64.76","64.81","64.53","1.29K","-0.92%"
"11/29/2019","64.47","64.64","64.64","64.52","0.41K","-0.46%"
"11/28/2019","64.77","64.62","64.80","64.62","0.44K","-0.08%"
"11/27/2019","64.82","65.21","65.21","64.84","1.75K","-0.14%"
"11/26/2019","64.91","64.75","64.94","64.70","4.21K","0.59%"
"11/25/2019","64.53","64.51","64.51","64.51","0.03K","0.28%"
"11/22/2019","64.35","64.14","64.42","64.14","3.10K","0.67%"
"11/21/2019","63.92","63.78","63.82","63.78","0.03K","-0.42%"
"11/20/2019","64.19","64.10","64.25","64.03","0.71K","0.00%"
"11/19/2019","64.19","64.37","64.55","64.05","0.65K","0.22%"
"11/18/2019","64.05","64.43","64.43","63.95","0.92K","-0.31%"
"11/15/2019","64.25","64.10","64.10","64.10","0.08K","0.52%"
"11/14/2019","63.92","64.07","64.11","64.00","3.31K","-0.30%"
"11/13/2019","64.11","64.10","64.22","63.83","2.46K","-0.47%"
"11/12/2019","64.41","64.32","64.50","64.28","4.98K","0.59%"
"11/11/2019","64.03","64.28","64.35","63.99","2.51K","-0.68%"
"11/08/2019","64.47","64.46","64.48","64.46","3.54K","-0.17%"
"11/07/2019","64.58","64.42","64.45","64.42","0.36K","0.92%"
"11/06/2019","63.99","64.10","64.10","63.89","0.88K","-0.05%"
"11/05/2019","64.02","64.19","64.19","63.98","0.07K","0.22%"
"11/04/2019","63.88","63.65","64.00","63.65","0.50K","0.96%"
"11/01/2019","63.27","62.90","63.20","62.87","20.38K","1.04%"
"10/31/2019","62.62","62.85","62.85","62.64","1.50K","-0.73%"
"10/30/2019","63.08","63.03","63.06","63.01","2.92K","-0.06%"
"10/29/2019","63.12","63.14","63.15","62.99","1.01K","-0.16%"
"10/28/2019","63.22","63.13","63.27","63.13","1.79K","0.32%"
"10/25/2019","63.02","62.84","63.08","62.83","0.56K","0.25%"
"10/24/2019","62.86","62.41","62.69","62.41","0.45K","0.85%"
"10/23/2019","62.33","62.33","62.33","62.33","","0.26%"
"10/22/2019","62.17","62.37","62.37","62.37","0.08K","0.52%"
"10/21/2019","61.85","61.92","62.01","61.74","6.23K","-0.43%"
"10/18/2019","62.12","62.10","62.20","61.99","0.37K","-0.29%"
"10/17/2019","62.30","62.30","62.30","62.30","","0.03%"
"10/16/2019","62.28","62.55","62.55","62.55","0.13K","-0.80%"
"10/15/2019","62.78","62.93","62.93","62.93","0.79K","-0.27%"
"10/14/2019","62.95","63.18","63.18","62.74","0.84K","0.13%"
"10/11/2019","62.87","63.29","63.29","62.74","1.49K","-1.18%"
"10/10/2019","63.62","63.59","64.04","63.55","1.91K","0.27%"
"10/09/2019","63.45","63.28","63.60","63.28","2.10K","0.30%"
"10/08/2019","63.26","63.86","63.86","63.42","5.88K","-0.47%"
"10/07/2019","63.56","63.52","63.52","63.45","0.60K","0.44%"
"10/04/2019","63.28","62.79","62.79","62.67","1.75K","1.69%"
"10/03/2019","62.23","62.35","62.39","62.35","0.15K","-0.46%"
"10/02/2019","62.52","64.08","64.08","62.57","1.03K","-2.60%"
"10/01/2019","64.19","64.56","64.90","64.38","1.29K","-0.22%"
"09/30/2019","64.33","64.27","64.29","64.15","4.03K","-0.11%"
"09/27/2019","64.40","64.46","64.46","64.46","0.17K","0.80%"
"09/26/2019","63.89","63.89","63.89","63.89","","0.14%"
"09/25/2019","63.80","63.71","63.71","63.71","0.50K","0.05%"
"09/24/2019","63.77","64.08","64.08","63.99","5.01K","-0.31%"
"09/23/2019","63.97","63.98","63.98","63.98","1.25K","-0.17%"
"09/20/2019","64.08","64.09","64.09","64.09","5.00K","-0.33%"
"09/19/2019","64.29","63.98","63.98","63.98","0.01K","0.67%"
"09/18/2019","63.86","63.94","64.15","63.94","2.19K","-0.03%"
"09/17/2019","63.88","64.10","64.10","63.89","0.70K","-0.58%"
"09/16/2019","64.25","64.25","64.25","64.25","","-0.26%"
"09/13/2019","64.42","64.47","64.47","64.47","0.15K","-0.56%"
"09/12/2019","64.78","64.85","64.93","64.59","10.33K","0.65%"
"09/11/2019","64.36","64.36","64.36","64.36","","1.04%"
"09/10/2019","63.70","63.89","63.89","63.89","0.02K","-0.45%"
"09/09/2019","63.99","64.01","64.01","64.01","0.03K","-0.25%"
"09/06/2019","64.15","63.95","63.95","63.95","0.10K","0.41%"
"09/05/2019","63.89","64.01","64.01","63.91","0.26K","0.16%"
"09/04/2019","63.79","63.77","63.77","63.77","0.08K","0.36%"
"09/03/2019","63.56","64.05","64.05","64.05","0.08K","-0.52%"
"09/02/2019","63.89","63.89","63.89","63.89","","0.95%"
"09/01/2019","63.29","63.29","63.29","63.29","","0.00%"
"08/31/2019","63.29","63.29","63.29","63.29","","0.00%"
"08/30/2019","63.29","63.29","63.29","63.29","","0.05%"
"08/29/2019","63.26","63.18","63.18","63.18","0.00K","1.38%"
"08/28/2019","62.40","62.00","62.00","62.00","0.04K","0.71%"
"08/27/2019","61.96","62.15","62.36","62.15","1.41K","-0.19%"
"08/25/2019","62.08","62.08","62.08","62.08","","0.00%"
"08/24/2019","62.08","62.08","62.08","62.08","","0.00%"
"08/23/2019","62.08","62.08","62.08","62.08","","-1.04%"
"08/22/2019","62.73","63.50","63.61","63.46","1.68K","-1.40%"
"08/21/2019","63.62","63.62","63.62","63.62","","0.60%"
"08/20/2019","63.24","63.71","63.71","63.71","0.03K","-0.43%"
"08/19/2019","63.51","63.51","63.51","63.51","","1.24%"
"08/18/2019","62.73","62.73","62.73","62.73","","0.00%"
"08/17/2019","62.73","62.73","62.73","62.73","","0.00%"
"08/16/2019","62.73","62.73","62.73","62.73","","1.10%"
"08/15/2019","62.05","63.10","63.10","63.10","0.76K","-0.91%"
"08/14/2019","62.62","63.71","63.71","62.85","0.60K","-2.02%"
"08/13/2019","63.91","62.99","63.95","62.99","1.06K","0.84%"
"08/12/2019","63.38","63.40","63.40","63.40","0.40K","-0.16%"
"08/09/2019","63.48","64.13","64.13","64.13","0.02K","-0.28%"
"08/08/2019","63.66","63.66","63.66","63.66","","2.07%"
"08/07/2019","62.37","62.40","62.40","62.40","0.10K","0.16%"
"08/06/2019","62.27","62.13","62.20","62.13","0.56K","-0.42%"
"08/05/2019","62.53","63.02","63.02","63.02","0.01K","-2.14%"
"08/02/2019","63.90","64.38","64.38","64.38","0.91K","-2.61%"
"08/01/2019","65.61","65.61","65.61","65.61","","0.64%"
"07/31/2019","65.19","65.19","65.19","65.19","","-0.46%"
"07/30/2019","65.49","65.49","65.49","65.49","","0.05%"
"07/29/2019","65.46","65.00","65.00","65.00","0.05K","1.27%"
"07/26/2019","64.64","64.51","64.51","64.51","0.00K","0.95%"